path,node_number,p,idx,num_emitters,num_emitter_CNOTs
./random_graph_db/graph_db_node_10/01_p0.1/01_graph_n10_p0.1_idx1.gpickle,10,0.1,1,1,0
./random_graph_db/graph_db_node_10/01_p0.1/01_graph_n10_p0.1_idx10.gpickle,10,0.1,10,1,0
./random_graph_db/graph_db_node_10/01_p0.1/01_graph_n10_p0.1_idx2.gpickle,10,0.1,2,2,3
./random_graph_db/graph_db_node_10/01_p0.1/01_graph_n10_p0.1_idx3.gpickle,10,0.1,3,1,0
./random_graph_db/graph_db_node_10/01_p0.1/01_graph_n10_p0.1_idx4.gpickle,10,0.1,4,1,0
./random_graph_db/graph_db_node_10/01_p0.1/01_graph_n10_p0.1_idx5.gpickle,10,0.1,5,2,1
./random_graph_db/graph_db_node_10/01_p0.1/01_graph_n10_p0.1_idx6.gpickle,10,0.1,6,2,2
./random_graph_db/graph_db_node_10/01_p0.1/01_graph_n10_p0.1_idx7.gpickle,10,0.1,7,2,5
./random_graph_db/graph_db_node_10/01_p0.1/01_graph_n10_p0.1_idx8.gpickle,10,0.1,8,2,2
./random_graph_db/graph_db_node_10/01_p0.1/01_graph_n10_p0.1_idx9.gpickle,10,0.1,9,2,3
./random_graph_db/graph_db_node_10/02_p0.2/02_graph_n10_p0.2_idx1.gpickle,10,0.2,1,2,4
./random_graph_db/graph_db_node_10/02_p0.2/02_graph_n10_p0.2_idx10.gpickle,10,0.2,10,2,2
./random_graph_db/graph_db_node_10/02_p0.2/02_graph_n10_p0.2_idx2.gpickle,10,0.2,2,2,2
./random_graph_db/graph_db_node_10/02_p0.2/02_graph_n10_p0.2_idx3.gpickle,10,0.2,3,2,2
./random_graph_db/graph_db_node_10/02_p0.2/02_graph_n10_p0.2_idx4.gpickle,10,0.2,4,2,3
./random_graph_db/graph_db_node_10/02_p0.2/02_graph_n10_p0.2_idx5.gpickle,10,0.2,5,2,4
./random_graph_db/graph_db_node_10/02_p0.2/02_graph_n10_p0.2_idx6.gpickle,10,0.2,6,2,4
./random_graph_db/graph_db_node_10/02_p0.2/02_graph_n10_p0.2_idx7.gpickle,10,0.2,7,1,0
./random_graph_db/graph_db_node_10/02_p0.2/02_graph_n10_p0.2_idx8.gpickle,10,0.2,8,2,4
./random_graph_db/graph_db_node_10/02_p0.2/02_graph_n10_p0.2_idx9.gpickle,10,0.2,9,2,2
./random_graph_db/graph_db_node_10/03_p0.3/03_graph_n10_p0.3_idx1.gpickle,10,0.3,1,2,6
./random_graph_db/graph_db_node_10/03_p0.3/03_graph_n10_p0.3_idx10.gpickle,10,0.3,10,3,7
./random_graph_db/graph_db_node_10/03_p0.3/03_graph_n10_p0.3_idx2.gpickle,10,0.3,2,2,2
./random_graph_db/graph_db_node_10/03_p0.3/03_graph_n10_p0.3_idx3.gpickle,10,0.3,3,2,4
./random_graph_db/graph_db_node_10/03_p0.3/03_graph_n10_p0.3_idx4.gpickle,10,0.3,4,2,2
./random_graph_db/graph_db_node_10/03_p0.3/03_graph_n10_p0.3_idx5.gpickle,10,0.3,5,2,2
./random_graph_db/graph_db_node_10/03_p0.3/03_graph_n10_p0.3_idx6.gpickle,10,0.3,6,3,6
./random_graph_db/graph_db_node_10/03_p0.3/03_graph_n10_p0.3_idx7.gpickle,10,0.3,7,2,3
./random_graph_db/graph_db_node_10/03_p0.3/03_graph_n10_p0.3_idx8.gpickle,10,0.3,8,2,6
./random_graph_db/graph_db_node_10/03_p0.3/03_graph_n10_p0.3_idx9.gpickle,10,0.3,9,3,9
./random_graph_db/graph_db_node_10/04_p0.4/04_graph_n10_p0.4_idx1.gpickle,10,0.4,1,3,6
./random_graph_db/graph_db_node_10/04_p0.4/04_graph_n10_p0.4_idx10.gpickle,10,0.4,10,3,9
./random_graph_db/graph_db_node_10/04_p0.4/04_graph_n10_p0.4_idx2.gpickle,10,0.4,2,3,7
./random_graph_db/graph_db_node_10/04_p0.4/04_graph_n10_p0.4_idx3.gpickle,10,0.4,3,3,7
./random_graph_db/graph_db_node_10/04_p0.4/04_graph_n10_p0.4_idx4.gpickle,10,0.4,4,3,10
./random_graph_db/graph_db_node_10/04_p0.4/04_graph_n10_p0.4_idx5.gpickle,10,0.4,5,2,6
./random_graph_db/graph_db_node_10/04_p0.4/04_graph_n10_p0.4_idx6.gpickle,10,0.4,6,2,4
./random_graph_db/graph_db_node_10/04_p0.4/04_graph_n10_p0.4_idx7.gpickle,10,0.4,7,3,8
./random_graph_db/graph_db_node_10/04_p0.4/04_graph_n10_p0.4_idx8.gpickle,10,0.4,8,2,3
./random_graph_db/graph_db_node_10/04_p0.4/04_graph_n10_p0.4_idx9.gpickle,10,0.4,9,2,5
./random_graph_db/graph_db_node_10/05_p0.45/05_graph_n10_p0.45_idx1.gpickle,10,0.45,1,3,9
./random_graph_db/graph_db_node_10/05_p0.45/05_graph_n10_p0.45_idx10.gpickle,10,0.45,10,3,10
./random_graph_db/graph_db_node_10/05_p0.45/05_graph_n10_p0.45_idx2.gpickle,10,0.45,2,3,10
./random_graph_db/graph_db_node_10/05_p0.45/05_graph_n10_p0.45_idx3.gpickle,10,0.45,3,2,4
./random_graph_db/graph_db_node_10/05_p0.45/05_graph_n10_p0.45_idx4.gpickle,10,0.45,4,2,3
./random_graph_db/graph_db_node_10/05_p0.45/05_graph_n10_p0.45_idx5.gpickle,10,0.45,5,3,10
./random_graph_db/graph_db_node_10/05_p0.45/05_graph_n10_p0.45_idx6.gpickle,10,0.45,6,3,7
./random_graph_db/graph_db_node_10/05_p0.45/05_graph_n10_p0.45_idx7.gpickle,10,0.45,7,2,4
./random_graph_db/graph_db_node_10/05_p0.45/05_graph_n10_p0.45_idx8.gpickle,10,0.45,8,3,10
./random_graph_db/graph_db_node_10/05_p0.45/05_graph_n10_p0.45_idx9.gpickle,10,0.45,9,3,7
./random_graph_db/graph_db_node_10/06_p0.5/06_graph_n10_p0.5_idx1.gpickle,10,0.5,1,3,9
./random_graph_db/graph_db_node_10/06_p0.5/06_graph_n10_p0.5_idx10.gpickle,10,0.5,10,3,10
./random_graph_db/graph_db_node_10/06_p0.5/06_graph_n10_p0.5_idx2.gpickle,10,0.5,2,3,10
./random_graph_db/graph_db_node_10/06_p0.5/06_graph_n10_p0.5_idx3.gpickle,10,0.5,3,3,9
./random_graph_db/graph_db_node_10/06_p0.5/06_graph_n10_p0.5_idx4.gpickle,10,0.5,4,3,9
./random_graph_db/graph_db_node_10/06_p0.5/06_graph_n10_p0.5_idx5.gpickle,10,0.5,5,2,5
./random_graph_db/graph_db_node_10/06_p0.5/06_graph_n10_p0.5_idx6.gpickle,10,0.5,6,3,8
./random_graph_db/graph_db_node_10/06_p0.5/06_graph_n10_p0.5_idx7.gpickle,10,0.5,7,3,8
./random_graph_db/graph_db_node_10/06_p0.5/06_graph_n10_p0.5_idx8.gpickle,10,0.5,8,3,12
./random_graph_db/graph_db_node_10/06_p0.5/06_graph_n10_p0.5_idx9.gpickle,10,0.5,9,3,7
./random_graph_db/graph_db_node_10/07_p0.55/07_graph_n10_p0.55_idx1.gpickle,10,0.55,1,3,9
./random_graph_db/graph_db_node_10/07_p0.55/07_graph_n10_p0.55_idx10.gpickle,10,0.55,10,3,9
./random_graph_db/graph_db_node_10/07_p0.55/07_graph_n10_p0.55_idx2.gpickle,10,0.55,2,3,7
./random_graph_db/graph_db_node_10/07_p0.55/07_graph_n10_p0.55_idx3.gpickle,10,0.55,3,3,14
./random_graph_db/graph_db_node_10/07_p0.55/07_graph_n10_p0.55_idx4.gpickle,10,0.55,4,2,7
./random_graph_db/graph_db_node_10/07_p0.55/07_graph_n10_p0.55_idx5.gpickle,10,0.55,5,3,7
./random_graph_db/graph_db_node_10/07_p0.55/07_graph_n10_p0.55_idx6.gpickle,10,0.55,6,3,9
./random_graph_db/graph_db_node_10/07_p0.55/07_graph_n10_p0.55_idx7.gpickle,10,0.55,7,3,12
./random_graph_db/graph_db_node_10/07_p0.55/07_graph_n10_p0.55_idx8.gpickle,10,0.55,8,3,9
./random_graph_db/graph_db_node_10/07_p0.55/07_graph_n10_p0.55_idx9.gpickle,10,0.55,9,3,6
./random_graph_db/graph_db_node_10/08_p0.6/08_graph_n10_p0.6_idx1.gpickle,10,0.6,1,3,7
./random_graph_db/graph_db_node_10/08_p0.6/08_graph_n10_p0.6_idx10.gpickle,10,0.6,10,3,10
./random_graph_db/graph_db_node_10/08_p0.6/08_graph_n10_p0.6_idx2.gpickle,10,0.6,2,3,12
./random_graph_db/graph_db_node_10/08_p0.6/08_graph_n10_p0.6_idx3.gpickle,10,0.6,3,2,6
./random_graph_db/graph_db_node_10/08_p0.6/08_graph_n10_p0.6_idx4.gpickle,10,0.6,4,3,8
./random_graph_db/graph_db_node_10/08_p0.6/08_graph_n10_p0.6_idx5.gpickle,10,0.6,5,3,11
./random_graph_db/graph_db_node_10/08_p0.6/08_graph_n10_p0.6_idx6.gpickle,10,0.6,6,3,7
./random_graph_db/graph_db_node_10/08_p0.6/08_graph_n10_p0.6_idx7.gpickle,10,0.6,7,3,12
./random_graph_db/graph_db_node_10/08_p0.6/08_graph_n10_p0.6_idx8.gpickle,10,0.6,8,3,5
./random_graph_db/graph_db_node_10/08_p0.6/08_graph_n10_p0.6_idx9.gpickle,10,0.6,9,3,7
./random_graph_db/graph_db_node_10/09_p0.65/09_graph_n10_p0.65_idx1.gpickle,10,0.65,1,3,8
./random_graph_db/graph_db_node_10/09_p0.65/09_graph_n10_p0.65_idx10.gpickle,10,0.65,10,2,4
./random_graph_db/graph_db_node_10/09_p0.65/09_graph_n10_p0.65_idx2.gpickle,10,0.65,2,3,11
./random_graph_db/graph_db_node_10/09_p0.65/09_graph_n10_p0.65_idx3.gpickle,10,0.65,3,3,9
./random_graph_db/graph_db_node_10/09_p0.65/09_graph_n10_p0.65_idx4.gpickle,10,0.65,4,3,7
./random_graph_db/graph_db_node_10/09_p0.65/09_graph_n10_p0.65_idx5.gpickle,10,0.65,5,3,11
./random_graph_db/graph_db_node_10/09_p0.65/09_graph_n10_p0.65_idx6.gpickle,10,0.65,6,3,8
./random_graph_db/graph_db_node_10/09_p0.65/09_graph_n10_p0.65_idx7.gpickle,10,0.65,7,3,7
./random_graph_db/graph_db_node_10/09_p0.65/09_graph_n10_p0.65_idx8.gpickle,10,0.65,8,3,7
./random_graph_db/graph_db_node_10/09_p0.65/09_graph_n10_p0.65_idx9.gpickle,10,0.65,9,3,9
./random_graph_db/graph_db_node_10/10_p0.7/10_graph_n10_p0.7_idx1.gpickle,10,0.7,1,2,4
./random_graph_db/graph_db_node_10/10_p0.7/10_graph_n10_p0.7_idx10.gpickle,10,0.7,10,3,8
./random_graph_db/graph_db_node_10/10_p0.7/10_graph_n10_p0.7_idx2.gpickle,10,0.7,2,3,9
./random_graph_db/graph_db_node_10/10_p0.7/10_graph_n10_p0.7_idx3.gpickle,10,0.7,3,3,6
./random_graph_db/graph_db_node_10/10_p0.7/10_graph_n10_p0.7_idx4.gpickle,10,0.7,4,3,9
./random_graph_db/graph_db_node_10/10_p0.7/10_graph_n10_p0.7_idx5.gpickle,10,0.7,5,3,8
./random_graph_db/graph_db_node_10/10_p0.7/10_graph_n10_p0.7_idx6.gpickle,10,0.7,6,3,9
./random_graph_db/graph_db_node_10/10_p0.7/10_graph_n10_p0.7_idx7.gpickle,10,0.7,7,3,8
./random_graph_db/graph_db_node_10/10_p0.7/10_graph_n10_p0.7_idx8.gpickle,10,0.7,8,3,9
./random_graph_db/graph_db_node_10/10_p0.7/10_graph_n10_p0.7_idx9.gpickle,10,0.7,9,3,13
./random_graph_db/graph_db_node_10/11_p0.8/11_graph_n10_p0.8_idx1.gpickle,10,0.8,1,2,4
./random_graph_db/graph_db_node_10/11_p0.8/11_graph_n10_p0.8_idx10.gpickle,10,0.8,10,3,4
./random_graph_db/graph_db_node_10/11_p0.8/11_graph_n10_p0.8_idx2.gpickle,10,0.8,2,2,2
./random_graph_db/graph_db_node_10/11_p0.8/11_graph_n10_p0.8_idx3.gpickle,10,0.8,3,3,8
./random_graph_db/graph_db_node_10/11_p0.8/11_graph_n10_p0.8_idx4.gpickle,10,0.8,4,2,5
./random_graph_db/graph_db_node_10/11_p0.8/11_graph_n10_p0.8_idx5.gpickle,10,0.8,5,3,7
./random_graph_db/graph_db_node_10/11_p0.8/11_graph_n10_p0.8_idx6.gpickle,10,0.8,6,2,3
./random_graph_db/graph_db_node_10/11_p0.8/11_graph_n10_p0.8_idx7.gpickle,10,0.8,7,2,5
./random_graph_db/graph_db_node_10/11_p0.8/11_graph_n10_p0.8_idx8.gpickle,10,0.8,8,2,4
./random_graph_db/graph_db_node_10/11_p0.8/11_graph_n10_p0.8_idx9.gpickle,10,0.8,9,3,7
./random_graph_db/graph_db_node_10/12_p0.9/12_graph_n10_p0.9_idx1.gpickle,10,0.9,1,2,2
./random_graph_db/graph_db_node_10/12_p0.9/12_graph_n10_p0.9_idx10.gpickle,10,0.9,10,1,0
./random_graph_db/graph_db_node_10/12_p0.9/12_graph_n10_p0.9_idx2.gpickle,10,0.9,2,2,1
./random_graph_db/graph_db_node_10/12_p0.9/12_graph_n10_p0.9_idx3.gpickle,10,0.9,3,2,4
./random_graph_db/graph_db_node_10/12_p0.9/12_graph_n10_p0.9_idx4.gpickle,10,0.9,4,2,4
./random_graph_db/graph_db_node_10/12_p0.9/12_graph_n10_p0.9_idx5.gpickle,10,0.9,5,2,2
./random_graph_db/graph_db_node_10/12_p0.9/12_graph_n10_p0.9_idx6.gpickle,10,0.9,6,1,0
./random_graph_db/graph_db_node_10/12_p0.9/12_graph_n10_p0.9_idx7.gpickle,10,0.9,7,2,4
./random_graph_db/graph_db_node_10/12_p0.9/12_graph_n10_p0.9_idx8.gpickle,10,0.9,8,2,2
./random_graph_db/graph_db_node_10/12_p0.9/12_graph_n10_p0.9_idx9.gpickle,10,0.9,9,2,4
./random_graph_db/graph_db_node_11/01_p0.1/01_graph_n11_p0.1_idx1.gpickle,11,0.1,1,1,0
./random_graph_db/graph_db_node_11/01_p0.1/01_graph_n11_p0.1_idx10.gpickle,11,0.1,10,1,0
./random_graph_db/graph_db_node_11/01_p0.1/01_graph_n11_p0.1_idx2.gpickle,11,0.1,2,2,2
./random_graph_db/graph_db_node_11/01_p0.1/01_graph_n11_p0.1_idx3.gpickle,11,0.1,3,1,0
./random_graph_db/graph_db_node_11/01_p0.1/01_graph_n11_p0.1_idx4.gpickle,11,0.1,4,2,3
./random_graph_db/graph_db_node_11/01_p0.1/01_graph_n11_p0.1_idx5.gpickle,11,0.1,5,2,3
./random_graph_db/graph_db_node_11/01_p0.1/01_graph_n11_p0.1_idx6.gpickle,11,0.1,6,1,0
./random_graph_db/graph_db_node_11/01_p0.1/01_graph_n11_p0.1_idx7.gpickle,11,0.1,7,2,2
./random_graph_db/graph_db_node_11/01_p0.1/01_graph_n11_p0.1_idx8.gpickle,11,0.1,8,1,0
./random_graph_db/graph_db_node_11/01_p0.1/01_graph_n11_p0.1_idx9.gpickle,11,0.1,9,1,0
./random_graph_db/graph_db_node_11/02_p0.2/02_graph_n11_p0.2_idx1.gpickle,11,0.2,1,3,7
./random_graph_db/graph_db_node_11/02_p0.2/02_graph_n11_p0.2_idx10.gpickle,11,0.2,10,2,3
./random_graph_db/graph_db_node_11/02_p0.2/02_graph_n11_p0.2_idx2.gpickle,11,0.2,2,2,5
./random_graph_db/graph_db_node_11/02_p0.2/02_graph_n11_p0.2_idx3.gpickle,11,0.2,3,3,7
./random_graph_db/graph_db_node_11/02_p0.2/02_graph_n11_p0.2_idx4.gpickle,11,0.2,4,3,7
./random_graph_db/graph_db_node_11/02_p0.2/02_graph_n11_p0.2_idx5.gpickle,11,0.2,5,3,10
./random_graph_db/graph_db_node_11/02_p0.2/02_graph_n11_p0.2_idx6.gpickle,11,0.2,6,2,1
./random_graph_db/graph_db_node_11/02_p0.2/02_graph_n11_p0.2_idx7.gpickle,11,0.2,7,2,2
./random_graph_db/graph_db_node_11/02_p0.2/02_graph_n11_p0.2_idx8.gpickle,11,0.2,8,2,1
./random_graph_db/graph_db_node_11/02_p0.2/02_graph_n11_p0.2_idx9.gpickle,11,0.2,9,2,4
./random_graph_db/graph_db_node_11/03_p0.3/03_graph_n11_p0.3_idx1.gpickle,11,0.3,1,2,4
./random_graph_db/graph_db_node_11/03_p0.3/03_graph_n11_p0.3_idx10.gpickle,11,0.3,10,3,11
./random_graph_db/graph_db_node_11/03_p0.3/03_graph_n11_p0.3_idx2.gpickle,11,0.3,2,3,7
./random_graph_db/graph_db_node_11/03_p0.3/03_graph_n11_p0.3_idx3.gpickle,11,0.3,3,3,9
./random_graph_db/graph_db_node_11/03_p0.3/03_graph_n11_p0.3_idx4.gpickle,11,0.3,4,3,9
./random_graph_db/graph_db_node_11/03_p0.3/03_graph_n11_p0.3_idx5.gpickle,11,0.3,5,3,7
./random_graph_db/graph_db_node_11/03_p0.3/03_graph_n11_p0.3_idx6.gpickle,11,0.3,6,3,7
./random_graph_db/graph_db_node_11/03_p0.3/03_graph_n11_p0.3_idx7.gpickle,11,0.3,7,3,6
./random_graph_db/graph_db_node_11/03_p0.3/03_graph_n11_p0.3_idx8.gpickle,11,0.3,8,3,10
./random_graph_db/graph_db_node_11/03_p0.3/03_graph_n11_p0.3_idx9.gpickle,11,0.3,9,3,11
./random_graph_db/graph_db_node_11/04_p0.4/04_graph_n11_p0.4_idx1.gpickle,11,0.4,1,3,9
./random_graph_db/graph_db_node_11/04_p0.4/04_graph_n11_p0.4_idx10.gpickle,11,0.4,10,3,10
./random_graph_db/graph_db_node_11/04_p0.4/04_graph_n11_p0.4_idx2.gpickle,11,0.4,2,3,10
./random_graph_db/graph_db_node_11/04_p0.4/04_graph_n11_p0.4_idx3.gpickle,11,0.4,3,3,14
./random_graph_db/graph_db_node_11/04_p0.4/04_graph_n11_p0.4_idx4.gpickle,11,0.4,4,3,12
./random_graph_db/graph_db_node_11/04_p0.4/04_graph_n11_p0.4_idx5.gpickle,11,0.4,5,3,9
./random_graph_db/graph_db_node_11/04_p0.4/04_graph_n11_p0.4_idx6.gpickle,11,0.4,6,3,6
./random_graph_db/graph_db_node_11/04_p0.4/04_graph_n11_p0.4_idx7.gpickle,11,0.4,7,3,9
./random_graph_db/graph_db_node_11/04_p0.4/04_graph_n11_p0.4_idx8.gpickle,11,0.4,8,3,11
./random_graph_db/graph_db_node_11/04_p0.4/04_graph_n11_p0.4_idx9.gpickle,11,0.4,9,3,7
./random_graph_db/graph_db_node_11/05_p0.45/05_graph_n11_p0.45_idx1.gpickle,11,0.45,1,3,12
./random_graph_db/graph_db_node_11/05_p0.45/05_graph_n11_p0.45_idx10.gpickle,11,0.45,10,3,11
./random_graph_db/graph_db_node_11/05_p0.45/05_graph_n11_p0.45_idx2.gpickle,11,0.45,2,4,16
./random_graph_db/graph_db_node_11/05_p0.45/05_graph_n11_p0.45_idx3.gpickle,11,0.45,3,3,10
./random_graph_db/graph_db_node_11/05_p0.45/05_graph_n11_p0.45_idx4.gpickle,11,0.45,4,2,5
./random_graph_db/graph_db_node_11/05_p0.45/05_graph_n11_p0.45_idx5.gpickle,11,0.45,5,4,15
./random_graph_db/graph_db_node_11/05_p0.45/05_graph_n11_p0.45_idx6.gpickle,11,0.45,6,3,11
./random_graph_db/graph_db_node_11/05_p0.45/05_graph_n11_p0.45_idx7.gpickle,11,0.45,7,3,8
./random_graph_db/graph_db_node_11/05_p0.45/05_graph_n11_p0.45_idx8.gpickle,11,0.45,8,3,9
./random_graph_db/graph_db_node_11/05_p0.45/05_graph_n11_p0.45_idx9.gpickle,11,0.45,9,4,13
./random_graph_db/graph_db_node_11/06_p0.5/06_graph_n11_p0.5_idx1.gpickle,11,0.5,1,3,12
./random_graph_db/graph_db_node_11/06_p0.5/06_graph_n11_p0.5_idx10.gpickle,11,0.5,10,3,13
./random_graph_db/graph_db_node_11/06_p0.5/06_graph_n11_p0.5_idx2.gpickle,11,0.5,2,3,13
./random_graph_db/graph_db_node_11/06_p0.5/06_graph_n11_p0.5_idx3.gpickle,11,0.5,3,2,6
./random_graph_db/graph_db_node_11/06_p0.5/06_graph_n11_p0.5_idx4.gpickle,11,0.5,4,3,10
./random_graph_db/graph_db_node_11/06_p0.5/06_graph_n11_p0.5_idx5.gpickle,11,0.5,5,3,10
./random_graph_db/graph_db_node_11/06_p0.5/06_graph_n11_p0.5_idx6.gpickle,11,0.5,6,4,15
./random_graph_db/graph_db_node_11/06_p0.5/06_graph_n11_p0.5_idx7.gpickle,11,0.5,7,3,12
./random_graph_db/graph_db_node_11/06_p0.5/06_graph_n11_p0.5_idx8.gpickle,11,0.5,8,3,9
./random_graph_db/graph_db_node_11/06_p0.5/06_graph_n11_p0.5_idx9.gpickle,11,0.5,9,4,14
./random_graph_db/graph_db_node_11/07_p0.55/07_graph_n11_p0.55_idx1.gpickle,11,0.55,1,4,20
./random_graph_db/graph_db_node_11/07_p0.55/07_graph_n11_p0.55_idx10.gpickle,11,0.55,10,3,13
./random_graph_db/graph_db_node_11/07_p0.55/07_graph_n11_p0.55_idx2.gpickle,11,0.55,2,3,13
./random_graph_db/graph_db_node_11/07_p0.55/07_graph_n11_p0.55_idx3.gpickle,11,0.55,3,3,11
./random_graph_db/graph_db_node_11/07_p0.55/07_graph_n11_p0.55_idx4.gpickle,11,0.55,4,3,13
./random_graph_db/graph_db_node_11/07_p0.55/07_graph_n11_p0.55_idx5.gpickle,11,0.55,5,3,11
./random_graph_db/graph_db_node_11/07_p0.55/07_graph_n11_p0.55_idx6.gpickle,11,0.55,6,3,13
./random_graph_db/graph_db_node_11/07_p0.55/07_graph_n11_p0.55_idx7.gpickle,11,0.55,7,4,14
./random_graph_db/graph_db_node_11/07_p0.55/07_graph_n11_p0.55_idx8.gpickle,11,0.55,8,3,10
./random_graph_db/graph_db_node_11/07_p0.55/07_graph_n11_p0.55_idx9.gpickle,11,0.55,9,3,10
./random_graph_db/graph_db_node_11/08_p0.6/08_graph_n11_p0.6_idx1.gpickle,11,0.6,1,3,14
./random_graph_db/graph_db_node_11/08_p0.6/08_graph_n11_p0.6_idx10.gpickle,11,0.6,10,3,9
./random_graph_db/graph_db_node_11/08_p0.6/08_graph_n11_p0.6_idx2.gpickle,11,0.6,2,4,16
./random_graph_db/graph_db_node_11/08_p0.6/08_graph_n11_p0.6_idx3.gpickle,11,0.6,3,3,11
./random_graph_db/graph_db_node_11/08_p0.6/08_graph_n11_p0.6_idx4.gpickle,11,0.6,4,3,16
./random_graph_db/graph_db_node_11/08_p0.6/08_graph_n11_p0.6_idx5.gpickle,11,0.6,5,3,11
./random_graph_db/graph_db_node_11/08_p0.6/08_graph_n11_p0.6_idx6.gpickle,11,0.6,6,3,12
./random_graph_db/graph_db_node_11/08_p0.6/08_graph_n11_p0.6_idx7.gpickle,11,0.6,7,3,11
./random_graph_db/graph_db_node_11/08_p0.6/08_graph_n11_p0.6_idx8.gpickle,11,0.6,8,3,10
./random_graph_db/graph_db_node_11/08_p0.6/08_graph_n11_p0.6_idx9.gpickle,11,0.6,9,4,15
./random_graph_db/graph_db_node_11/09_p0.65/09_graph_n11_p0.65_idx1.gpickle,11,0.65,1,3,10
./random_graph_db/graph_db_node_11/09_p0.65/09_graph_n11_p0.65_idx10.gpickle,11,0.65,10,3,13
./random_graph_db/graph_db_node_11/09_p0.65/09_graph_n11_p0.65_idx2.gpickle,11,0.65,2,4,16
./random_graph_db/graph_db_node_11/09_p0.65/09_graph_n11_p0.65_idx3.gpickle,11,0.65,3,3,9
./random_graph_db/graph_db_node_11/09_p0.65/09_graph_n11_p0.65_idx4.gpickle,11,0.65,4,3,10
./random_graph_db/graph_db_node_11/09_p0.65/09_graph_n11_p0.65_idx5.gpickle,11,0.65,5,3,13
./random_graph_db/graph_db_node_11/09_p0.65/09_graph_n11_p0.65_idx6.gpickle,11,0.65,6,4,14
./random_graph_db/graph_db_node_11/09_p0.65/09_graph_n11_p0.65_idx7.gpickle,11,0.65,7,3,10
./random_graph_db/graph_db_node_11/09_p0.65/09_graph_n11_p0.65_idx8.gpickle,11,0.65,8,3,12
./random_graph_db/graph_db_node_11/09_p0.65/09_graph_n11_p0.65_idx9.gpickle,11,0.65,9,3,10
./random_graph_db/graph_db_node_11/10_p0.7/10_graph_n11_p0.7_idx1.gpickle,11,0.7,1,3,9
./random_graph_db/graph_db_node_11/10_p0.7/10_graph_n11_p0.7_idx10.gpickle,11,0.7,10,3,10
./random_graph_db/graph_db_node_11/10_p0.7/10_graph_n11_p0.7_idx2.gpickle,11,0.7,2,4,18
./random_graph_db/graph_db_node_11/10_p0.7/10_graph_n11_p0.7_idx3.gpickle,11,0.7,3,3,10
./random_graph_db/graph_db_node_11/10_p0.7/10_graph_n11_p0.7_idx4.gpickle,11,0.7,4,3,12
./random_graph_db/graph_db_node_11/10_p0.7/10_graph_n11_p0.7_idx5.gpickle,11,0.7,5,3,9
./random_graph_db/graph_db_node_11/10_p0.7/10_graph_n11_p0.7_idx6.gpickle,11,0.7,6,3,10
./random_graph_db/graph_db_node_11/10_p0.7/10_graph_n11_p0.7_idx7.gpickle,11,0.7,7,3,11
./random_graph_db/graph_db_node_11/10_p0.7/10_graph_n11_p0.7_idx8.gpickle,11,0.7,8,3,10
./random_graph_db/graph_db_node_11/10_p0.7/10_graph_n11_p0.7_idx9.gpickle,11,0.7,9,3,11
./random_graph_db/graph_db_node_11/11_p0.8/11_graph_n11_p0.8_idx1.gpickle,11,0.8,1,3,9
./random_graph_db/graph_db_node_11/11_p0.8/11_graph_n11_p0.8_idx10.gpickle,11,0.8,10,2,6
./random_graph_db/graph_db_node_11/11_p0.8/11_graph_n11_p0.8_idx2.gpickle,11,0.8,2,2,3
./random_graph_db/graph_db_node_11/11_p0.8/11_graph_n11_p0.8_idx3.gpickle,11,0.8,3,2,4
./random_graph_db/graph_db_node_11/11_p0.8/11_graph_n11_p0.8_idx4.gpickle,11,0.8,4,3,6
./random_graph_db/graph_db_node_11/11_p0.8/11_graph_n11_p0.8_idx5.gpickle,11,0.8,5,3,11
./random_graph_db/graph_db_node_11/11_p0.8/11_graph_n11_p0.8_idx6.gpickle,11,0.8,6,2,8
./random_graph_db/graph_db_node_11/11_p0.8/11_graph_n11_p0.8_idx7.gpickle,11,0.8,7,2,5
./random_graph_db/graph_db_node_11/11_p0.8/11_graph_n11_p0.8_idx8.gpickle,11,0.8,8,3,10
./random_graph_db/graph_db_node_11/11_p0.8/11_graph_n11_p0.8_idx9.gpickle,11,0.8,9,3,8
./random_graph_db/graph_db_node_11/12_p0.9/12_graph_n11_p0.9_idx1.gpickle,11,0.9,1,2,5
./random_graph_db/graph_db_node_11/12_p0.9/12_graph_n11_p0.9_idx10.gpickle,11,0.9,10,2,4
./random_graph_db/graph_db_node_11/12_p0.9/12_graph_n11_p0.9_idx2.gpickle,11,0.9,2,2,2
./random_graph_db/graph_db_node_11/12_p0.9/12_graph_n11_p0.9_idx3.gpickle,11,0.9,3,3,5
./random_graph_db/graph_db_node_11/12_p0.9/12_graph_n11_p0.9_idx4.gpickle,11,0.9,4,2,6
./random_graph_db/graph_db_node_11/12_p0.9/12_graph_n11_p0.9_idx5.gpickle,11,0.9,5,2,4
./random_graph_db/graph_db_node_11/12_p0.9/12_graph_n11_p0.9_idx6.gpickle,11,0.9,6,1,0
./random_graph_db/graph_db_node_11/12_p0.9/12_graph_n11_p0.9_idx7.gpickle,11,0.9,7,2,2
./random_graph_db/graph_db_node_11/12_p0.9/12_graph_n11_p0.9_idx8.gpickle,11,0.9,8,2,4
./random_graph_db/graph_db_node_11/12_p0.9/12_graph_n11_p0.9_idx9.gpickle,11,0.9,9,2,4
./random_graph_db/graph_db_node_12/01_p0.1/01_graph_n12_p0.1_idx1.gpickle,12,0.1,1,2,3
./random_graph_db/graph_db_node_12/01_p0.1/01_graph_n12_p0.1_idx10.gpickle,12,0.1,10,2,2
./random_graph_db/graph_db_node_12/01_p0.1/01_graph_n12_p0.1_idx2.gpickle,12,0.1,2,2,2
./random_graph_db/graph_db_node_12/01_p0.1/01_graph_n12_p0.1_idx3.gpickle,12,0.1,3,2,2
./random_graph_db/graph_db_node_12/01_p0.1/01_graph_n12_p0.1_idx4.gpickle,12,0.1,4,2,4
./random_graph_db/graph_db_node_12/01_p0.1/01_graph_n12_p0.1_idx5.gpickle,12,0.1,5,2,2
./random_graph_db/graph_db_node_12/01_p0.1/01_graph_n12_p0.1_idx6.gpickle,12,0.1,6,2,4
./random_graph_db/graph_db_node_12/01_p0.1/01_graph_n12_p0.1_idx7.gpickle,12,0.1,7,2,2
./random_graph_db/graph_db_node_12/01_p0.1/01_graph_n12_p0.1_idx8.gpickle,12,0.1,8,1,0
./random_graph_db/graph_db_node_12/01_p0.1/01_graph_n12_p0.1_idx9.gpickle,12,0.1,9,2,5
./random_graph_db/graph_db_node_12/02_p0.2/02_graph_n12_p0.2_idx1.gpickle,12,0.2,1,3,8
./random_graph_db/graph_db_node_12/02_p0.2/02_graph_n12_p0.2_idx10.gpickle,12,0.2,10,3,5
./random_graph_db/graph_db_node_12/02_p0.2/02_graph_n12_p0.2_idx2.gpickle,12,0.2,2,2,3
./random_graph_db/graph_db_node_12/02_p0.2/02_graph_n12_p0.2_idx3.gpickle,12,0.2,3,3,9
./random_graph_db/graph_db_node_12/02_p0.2/02_graph_n12_p0.2_idx4.gpickle,12,0.2,4,2,6
./random_graph_db/graph_db_node_12/02_p0.2/02_graph_n12_p0.2_idx5.gpickle,12,0.2,5,3,7
./random_graph_db/graph_db_node_12/02_p0.2/02_graph_n12_p0.2_idx6.gpickle,12,0.2,6,3,8
./random_graph_db/graph_db_node_12/02_p0.2/02_graph_n12_p0.2_idx7.gpickle,12,0.2,7,2,3
./random_graph_db/graph_db_node_12/02_p0.2/02_graph_n12_p0.2_idx8.gpickle,12,0.2,8,2,2
./random_graph_db/graph_db_node_12/02_p0.2/02_graph_n12_p0.2_idx9.gpickle,12,0.2,9,2,4
./random_graph_db/graph_db_node_12/03_p0.3/03_graph_n12_p0.3_idx1.gpickle,12,0.3,1,4,12
./random_graph_db/graph_db_node_12/03_p0.3/03_graph_n12_p0.3_idx10.gpickle,12,0.3,10,3,9
./random_graph_db/graph_db_node_12/03_p0.3/03_graph_n12_p0.3_idx2.gpickle,12,0.3,2,3,7
./random_graph_db/graph_db_node_12/03_p0.3/03_graph_n12_p0.3_idx3.gpickle,12,0.3,3,2,7
./random_graph_db/graph_db_node_12/03_p0.3/03_graph_n12_p0.3_idx4.gpickle,12,0.3,4,2,6
./random_graph_db/graph_db_node_12/03_p0.3/03_graph_n12_p0.3_idx5.gpickle,12,0.3,5,2,4
./random_graph_db/graph_db_node_12/03_p0.3/03_graph_n12_p0.3_idx6.gpickle,12,0.3,6,2,4
./random_graph_db/graph_db_node_12/03_p0.3/03_graph_n12_p0.3_idx7.gpickle,12,0.3,7,3,9
./random_graph_db/graph_db_node_12/03_p0.3/03_graph_n12_p0.3_idx8.gpickle,12,0.3,8,3,11
./random_graph_db/graph_db_node_12/03_p0.3/03_graph_n12_p0.3_idx9.gpickle,12,0.3,9,3,10
./random_graph_db/graph_db_node_12/04_p0.4/04_graph_n12_p0.4_idx1.gpickle,12,0.4,1,3,15
./random_graph_db/graph_db_node_12/04_p0.4/04_graph_n12_p0.4_idx10.gpickle,12,0.4,10,4,16
./random_graph_db/graph_db_node_12/04_p0.4/04_graph_n12_p0.4_idx2.gpickle,12,0.4,2,3,11
./random_graph_db/graph_db_node_12/04_p0.4/04_graph_n12_p0.4_idx3.gpickle,12,0.4,3,3,14
./random_graph_db/graph_db_node_12/04_p0.4/04_graph_n12_p0.4_idx4.gpickle,12,0.4,4,3,11
./random_graph_db/graph_db_node_12/04_p0.4/04_graph_n12_p0.4_idx5.gpickle,12,0.4,5,3,10
./random_graph_db/graph_db_node_12/04_p0.4/04_graph_n12_p0.4_idx6.gpickle,12,0.4,6,3,11
./random_graph_db/graph_db_node_12/04_p0.4/04_graph_n12_p0.4_idx7.gpickle,12,0.4,7,3,13
./random_graph_db/graph_db_node_12/04_p0.4/04_graph_n12_p0.4_idx8.gpickle,12,0.4,8,4,18
./random_graph_db/graph_db_node_12/04_p0.4/04_graph_n12_p0.4_idx9.gpickle,12,0.4,9,3,13
./random_graph_db/graph_db_node_12/05_p0.45/05_graph_n12_p0.45_idx1.gpickle,12,0.45,1,4,11
./random_graph_db/graph_db_node_12/05_p0.45/05_graph_n12_p0.45_idx10.gpickle,12,0.45,10,4,19
./random_graph_db/graph_db_node_12/05_p0.45/05_graph_n12_p0.45_idx2.gpickle,12,0.45,2,4,19
./random_graph_db/graph_db_node_12/05_p0.45/05_graph_n12_p0.45_idx3.gpickle,12,0.45,3,3,10
./random_graph_db/graph_db_node_12/05_p0.45/05_graph_n12_p0.45_idx4.gpickle,12,0.45,4,4,21
./random_graph_db/graph_db_node_12/05_p0.45/05_graph_n12_p0.45_idx5.gpickle,12,0.45,5,4,22
./random_graph_db/graph_db_node_12/05_p0.45/05_graph_n12_p0.45_idx6.gpickle,12,0.45,6,3,13
./random_graph_db/graph_db_node_12/05_p0.45/05_graph_n12_p0.45_idx7.gpickle,12,0.45,7,3,14
./random_graph_db/graph_db_node_12/05_p0.45/05_graph_n12_p0.45_idx8.gpickle,12,0.45,8,4,17
./random_graph_db/graph_db_node_12/05_p0.45/05_graph_n12_p0.45_idx9.gpickle,12,0.45,9,3,12
./random_graph_db/graph_db_node_12/06_p0.5/06_graph_n12_p0.5_idx1.gpickle,12,0.5,1,4,14
./random_graph_db/graph_db_node_12/06_p0.5/06_graph_n12_p0.5_idx10.gpickle,12,0.5,10,3,12
./random_graph_db/graph_db_node_12/06_p0.5/06_graph_n12_p0.5_idx2.gpickle,12,0.5,2,3,12
./random_graph_db/graph_db_node_12/06_p0.5/06_graph_n12_p0.5_idx3.gpickle,12,0.5,3,3,13
./random_graph_db/graph_db_node_12/06_p0.5/06_graph_n12_p0.5_idx4.gpickle,12,0.5,4,4,16
./random_graph_db/graph_db_node_12/06_p0.5/06_graph_n12_p0.5_idx5.gpickle,12,0.5,5,4,21
./random_graph_db/graph_db_node_12/06_p0.5/06_graph_n12_p0.5_idx6.gpickle,12,0.5,6,3,13
./random_graph_db/graph_db_node_12/06_p0.5/06_graph_n12_p0.5_idx7.gpickle,12,0.5,7,2,9
./random_graph_db/graph_db_node_12/06_p0.5/06_graph_n12_p0.5_idx8.gpickle,12,0.5,8,4,19
./random_graph_db/graph_db_node_12/06_p0.5/06_graph_n12_p0.5_idx9.gpickle,12,0.5,9,4,22
./random_graph_db/graph_db_node_12/07_p0.55/07_graph_n12_p0.55_idx1.gpickle,12,0.55,1,4,17
./random_graph_db/graph_db_node_12/07_p0.55/07_graph_n12_p0.55_idx10.gpickle,12,0.55,10,4,19
./random_graph_db/graph_db_node_12/07_p0.55/07_graph_n12_p0.55_idx2.gpickle,12,0.55,2,3,15
./random_graph_db/graph_db_node_12/07_p0.55/07_graph_n12_p0.55_idx3.gpickle,12,0.55,3,4,17
./random_graph_db/graph_db_node_12/07_p0.55/07_graph_n12_p0.55_idx4.gpickle,12,0.55,4,3,14
./random_graph_db/graph_db_node_12/07_p0.55/07_graph_n12_p0.55_idx5.gpickle,12,0.55,5,3,9
./random_graph_db/graph_db_node_12/07_p0.55/07_graph_n12_p0.55_idx6.gpickle,12,0.55,6,4,17
./random_graph_db/graph_db_node_12/07_p0.55/07_graph_n12_p0.55_idx7.gpickle,12,0.55,7,4,24
./random_graph_db/graph_db_node_12/07_p0.55/07_graph_n12_p0.55_idx8.gpickle,12,0.55,8,4,16
./random_graph_db/graph_db_node_12/07_p0.55/07_graph_n12_p0.55_idx9.gpickle,12,0.55,9,3,13
./random_graph_db/graph_db_node_12/08_p0.6/08_graph_n12_p0.6_idx1.gpickle,12,0.6,1,4,15
./random_graph_db/graph_db_node_12/08_p0.6/08_graph_n12_p0.6_idx10.gpickle,12,0.6,10,3,14
./random_graph_db/graph_db_node_12/08_p0.6/08_graph_n12_p0.6_idx2.gpickle,12,0.6,2,3,12
./random_graph_db/graph_db_node_12/08_p0.6/08_graph_n12_p0.6_idx3.gpickle,12,0.6,3,4,15
./random_graph_db/graph_db_node_12/08_p0.6/08_graph_n12_p0.6_idx4.gpickle,12,0.6,4,3,14
./random_graph_db/graph_db_node_12/08_p0.6/08_graph_n12_p0.6_idx5.gpickle,12,0.6,5,4,13
./random_graph_db/graph_db_node_12/08_p0.6/08_graph_n12_p0.6_idx6.gpickle,12,0.6,6,4,20
./random_graph_db/graph_db_node_12/08_p0.6/08_graph_n12_p0.6_idx7.gpickle,12,0.6,7,4,21
./random_graph_db/graph_db_node_12/08_p0.6/08_graph_n12_p0.6_idx8.gpickle,12,0.6,8,3,12
./random_graph_db/graph_db_node_12/08_p0.6/08_graph_n12_p0.6_idx9.gpickle,12,0.6,9,4,15
./random_graph_db/graph_db_node_12/09_p0.65/09_graph_n12_p0.65_idx1.gpickle,12,0.65,1,3,10
./random_graph_db/graph_db_node_12/09_p0.65/09_graph_n12_p0.65_idx10.gpickle,12,0.65,10,4,16
./random_graph_db/graph_db_node_12/09_p0.65/09_graph_n12_p0.65_idx2.gpickle,12,0.65,2,4,16
./random_graph_db/graph_db_node_12/09_p0.65/09_graph_n12_p0.65_idx3.gpickle,12,0.65,3,3,11
./random_graph_db/graph_db_node_12/09_p0.65/09_graph_n12_p0.65_idx4.gpickle,12,0.65,4,4,16
./random_graph_db/graph_db_node_12/09_p0.65/09_graph_n12_p0.65_idx5.gpickle,12,0.65,5,4,15
./random_graph_db/graph_db_node_12/09_p0.65/09_graph_n12_p0.65_idx6.gpickle,12,0.65,6,4,14
./random_graph_db/graph_db_node_12/09_p0.65/09_graph_n12_p0.65_idx7.gpickle,12,0.65,7,4,18
./random_graph_db/graph_db_node_12/09_p0.65/09_graph_n12_p0.65_idx8.gpickle,12,0.65,8,3,12
./random_graph_db/graph_db_node_12/09_p0.65/09_graph_n12_p0.65_idx9.gpickle,12,0.65,9,3,15
./random_graph_db/graph_db_node_12/10_p0.7/10_graph_n12_p0.7_idx1.gpickle,12,0.7,1,3,10
./random_graph_db/graph_db_node_12/10_p0.7/10_graph_n12_p0.7_idx10.gpickle,12,0.7,10,3,14
./random_graph_db/graph_db_node_12/10_p0.7/10_graph_n12_p0.7_idx2.gpickle,12,0.7,2,3,12
./random_graph_db/graph_db_node_12/10_p0.7/10_graph_n12_p0.7_idx3.gpickle,12,0.7,3,3,9
./random_graph_db/graph_db_node_12/10_p0.7/10_graph_n12_p0.7_idx4.gpickle,12,0.7,4,3,10
./random_graph_db/graph_db_node_12/10_p0.7/10_graph_n12_p0.7_idx5.gpickle,12,0.7,5,3,16
./random_graph_db/graph_db_node_12/10_p0.7/10_graph_n12_p0.7_idx6.gpickle,12,0.7,6,3,10
./random_graph_db/graph_db_node_12/10_p0.7/10_graph_n12_p0.7_idx7.gpickle,12,0.7,7,4,18
./random_graph_db/graph_db_node_12/10_p0.7/10_graph_n12_p0.7_idx8.gpickle,12,0.7,8,4,21
./random_graph_db/graph_db_node_12/10_p0.7/10_graph_n12_p0.7_idx9.gpickle,12,0.7,9,4,17
./random_graph_db/graph_db_node_12/11_p0.8/11_graph_n12_p0.8_idx1.gpickle,12,0.8,1,2,4
./random_graph_db/graph_db_node_12/11_p0.8/11_graph_n12_p0.8_idx10.gpickle,12,0.8,10,2,4
./random_graph_db/graph_db_node_12/11_p0.8/11_graph_n12_p0.8_idx2.gpickle,12,0.8,2,2,8
./random_graph_db/graph_db_node_12/11_p0.8/11_graph_n12_p0.8_idx3.gpickle,12,0.8,3,3,11
./random_graph_db/graph_db_node_12/11_p0.8/11_graph_n12_p0.8_idx4.gpickle,12,0.8,4,3,10
./random_graph_db/graph_db_node_12/11_p0.8/11_graph_n12_p0.8_idx5.gpickle,12,0.8,5,3,7
./random_graph_db/graph_db_node_12/11_p0.8/11_graph_n12_p0.8_idx6.gpickle,12,0.8,6,3,10
./random_graph_db/graph_db_node_12/11_p0.8/11_graph_n12_p0.8_idx7.gpickle,12,0.8,7,3,8
./random_graph_db/graph_db_node_12/11_p0.8/11_graph_n12_p0.8_idx8.gpickle,12,0.8,8,3,9
./random_graph_db/graph_db_node_12/11_p0.8/11_graph_n12_p0.8_idx9.gpickle,12,0.8,9,3,9
./random_graph_db/graph_db_node_12/12_p0.9/12_graph_n12_p0.9_idx1.gpickle,12,0.9,1,2,4
./random_graph_db/graph_db_node_12/12_p0.9/12_graph_n12_p0.9_idx10.gpickle,12,0.9,10,2,5
./random_graph_db/graph_db_node_12/12_p0.9/12_graph_n12_p0.9_idx2.gpickle,12,0.9,2,2,5
./random_graph_db/graph_db_node_12/12_p0.9/12_graph_n12_p0.9_idx3.gpickle,12,0.9,3,3,8
./random_graph_db/graph_db_node_12/12_p0.9/12_graph_n12_p0.9_idx4.gpickle,12,0.9,4,2,4
./random_graph_db/graph_db_node_12/12_p0.9/12_graph_n12_p0.9_idx5.gpickle,12,0.9,5,2,2
./random_graph_db/graph_db_node_12/12_p0.9/12_graph_n12_p0.9_idx6.gpickle,12,0.9,6,2,1
./random_graph_db/graph_db_node_12/12_p0.9/12_graph_n12_p0.9_idx7.gpickle,12,0.9,7,2,4
./random_graph_db/graph_db_node_12/12_p0.9/12_graph_n12_p0.9_idx8.gpickle,12,0.9,8,2,3
./random_graph_db/graph_db_node_12/12_p0.9/12_graph_n12_p0.9_idx9.gpickle,12,0.9,9,2,6
./random_graph_db/graph_db_node_13/01_p0.1/01_graph_n13_p0.1_idx1.gpickle,13,0.1,1,2,4
./random_graph_db/graph_db_node_13/01_p0.1/01_graph_n13_p0.1_idx10.gpickle,13,0.1,10,2,2
./random_graph_db/graph_db_node_13/01_p0.1/01_graph_n13_p0.1_idx2.gpickle,13,0.1,2,2,3
./random_graph_db/graph_db_node_13/01_p0.1/01_graph_n13_p0.1_idx3.gpickle,13,0.1,3,3,7
./random_graph_db/graph_db_node_13/01_p0.1/01_graph_n13_p0.1_idx4.gpickle,13,0.1,4,1,0
./random_graph_db/graph_db_node_13/01_p0.1/01_graph_n13_p0.1_idx5.gpickle,13,0.1,5,2,3
./random_graph_db/graph_db_node_13/01_p0.1/01_graph_n13_p0.1_idx6.gpickle,13,0.1,6,2,5
./random_graph_db/graph_db_node_13/01_p0.1/01_graph_n13_p0.1_idx7.gpickle,13,0.1,7,2,3
./random_graph_db/graph_db_node_13/01_p0.1/01_graph_n13_p0.1_idx8.gpickle,13,0.1,8,3,6
./random_graph_db/graph_db_node_13/01_p0.1/01_graph_n13_p0.1_idx9.gpickle,13,0.1,9,2,3
./random_graph_db/graph_db_node_13/02_p0.2/02_graph_n13_p0.2_idx1.gpickle,13,0.2,1,3,7
./random_graph_db/graph_db_node_13/02_p0.2/02_graph_n13_p0.2_idx10.gpickle,13,0.2,10,2,4
./random_graph_db/graph_db_node_13/02_p0.2/02_graph_n13_p0.2_idx2.gpickle,13,0.2,2,3,7
./random_graph_db/graph_db_node_13/02_p0.2/02_graph_n13_p0.2_idx3.gpickle,13,0.2,3,2,1
./random_graph_db/graph_db_node_13/02_p0.2/02_graph_n13_p0.2_idx4.gpickle,13,0.2,4,3,5
./random_graph_db/graph_db_node_13/02_p0.2/02_graph_n13_p0.2_idx5.gpickle,13,0.2,5,2,3
./random_graph_db/graph_db_node_13/02_p0.2/02_graph_n13_p0.2_idx6.gpickle,13,0.2,6,2,4
./random_graph_db/graph_db_node_13/02_p0.2/02_graph_n13_p0.2_idx7.gpickle,13,0.2,7,2,5
./random_graph_db/graph_db_node_13/02_p0.2/02_graph_n13_p0.2_idx8.gpickle,13,0.2,8,2,5
./random_graph_db/graph_db_node_13/02_p0.2/02_graph_n13_p0.2_idx9.gpickle,13,0.2,9,4,13
./random_graph_db/graph_db_node_13/03_p0.3/03_graph_n13_p0.3_idx1.gpickle,13,0.3,1,4,19
./random_graph_db/graph_db_node_13/03_p0.3/03_graph_n13_p0.3_idx10.gpickle,13,0.3,10,3,8
./random_graph_db/graph_db_node_13/03_p0.3/03_graph_n13_p0.3_idx2.gpickle,13,0.3,2,3,9
./random_graph_db/graph_db_node_13/03_p0.3/03_graph_n13_p0.3_idx3.gpickle,13,0.3,3,3,11
./random_graph_db/graph_db_node_13/03_p0.3/03_graph_n13_p0.3_idx4.gpickle,13,0.3,4,3,12
./random_graph_db/graph_db_node_13/03_p0.3/03_graph_n13_p0.3_idx5.gpickle,13,0.3,5,3,10
./random_graph_db/graph_db_node_13/03_p0.3/03_graph_n13_p0.3_idx6.gpickle,13,0.3,6,2,4
./random_graph_db/graph_db_node_13/03_p0.3/03_graph_n13_p0.3_idx7.gpickle,13,0.3,7,3,10
./random_graph_db/graph_db_node_13/03_p0.3/03_graph_n13_p0.3_idx8.gpickle,13,0.3,8,3,13
./random_graph_db/graph_db_node_13/03_p0.3/03_graph_n13_p0.3_idx9.gpickle,13,0.3,9,3,11
./random_graph_db/graph_db_node_13/04_p0.4/04_graph_n13_p0.4_idx1.gpickle,13,0.4,1,4,15
./random_graph_db/graph_db_node_13/04_p0.4/04_graph_n13_p0.4_idx10.gpickle,13,0.4,10,4,18
./random_graph_db/graph_db_node_13/04_p0.4/04_graph_n13_p0.4_idx2.gpickle,13,0.4,2,3,10
./random_graph_db/graph_db_node_13/04_p0.4/04_graph_n13_p0.4_idx3.gpickle,13,0.4,3,4,19
./random_graph_db/graph_db_node_13/04_p0.4/04_graph_n13_p0.4_idx4.gpickle,13,0.4,4,4,17
./random_graph_db/graph_db_node_13/04_p0.4/04_graph_n13_p0.4_idx5.gpickle,13,0.4,5,4,20
./random_graph_db/graph_db_node_13/04_p0.4/04_graph_n13_p0.4_idx6.gpickle,13,0.4,6,4,23
./random_graph_db/graph_db_node_13/04_p0.4/04_graph_n13_p0.4_idx7.gpickle,13,0.4,7,4,17
./random_graph_db/graph_db_node_13/04_p0.4/04_graph_n13_p0.4_idx8.gpickle,13,0.4,8,4,23
./random_graph_db/graph_db_node_13/04_p0.4/04_graph_n13_p0.4_idx9.gpickle,13,0.4,9,3,13
./random_graph_db/graph_db_node_13/05_p0.45/05_graph_n13_p0.45_idx1.gpickle,13,0.45,1,3,12
./random_graph_db/graph_db_node_13/05_p0.45/05_graph_n13_p0.45_idx10.gpickle,13,0.45,10,4,19
./random_graph_db/graph_db_node_13/05_p0.45/05_graph_n13_p0.45_idx2.gpickle,13,0.45,2,4,14
./random_graph_db/graph_db_node_13/05_p0.45/05_graph_n13_p0.45_idx3.gpickle,13,0.45,3,4,16
./random_graph_db/graph_db_node_13/05_p0.45/05_graph_n13_p0.45_idx4.gpickle,13,0.45,4,4,17
./random_graph_db/graph_db_node_13/05_p0.45/05_graph_n13_p0.45_idx5.gpickle,13,0.45,5,4,18
./random_graph_db/graph_db_node_13/05_p0.45/05_graph_n13_p0.45_idx6.gpickle,13,0.45,6,4,16
./random_graph_db/graph_db_node_13/05_p0.45/05_graph_n13_p0.45_idx7.gpickle,13,0.45,7,4,18
./random_graph_db/graph_db_node_13/05_p0.45/05_graph_n13_p0.45_idx8.gpickle,13,0.45,8,4,18
./random_graph_db/graph_db_node_13/05_p0.45/05_graph_n13_p0.45_idx9.gpickle,13,0.45,9,4,16
./random_graph_db/graph_db_node_13/06_p0.5/06_graph_n13_p0.5_idx1.gpickle,13,0.5,1,4,19
./random_graph_db/graph_db_node_13/06_p0.5/06_graph_n13_p0.5_idx10.gpickle,13,0.5,10,4,20
./random_graph_db/graph_db_node_13/06_p0.5/06_graph_n13_p0.5_idx2.gpickle,13,0.5,2,4,27
./random_graph_db/graph_db_node_13/06_p0.5/06_graph_n13_p0.5_idx3.gpickle,13,0.5,3,4,17
./random_graph_db/graph_db_node_13/06_p0.5/06_graph_n13_p0.5_idx4.gpickle,13,0.5,4,4,18
./random_graph_db/graph_db_node_13/06_p0.5/06_graph_n13_p0.5_idx5.gpickle,13,0.5,5,4,20
./random_graph_db/graph_db_node_13/06_p0.5/06_graph_n13_p0.5_idx6.gpickle,13,0.5,6,4,19
./random_graph_db/graph_db_node_13/06_p0.5/06_graph_n13_p0.5_idx7.gpickle,13,0.5,7,4,22
./random_graph_db/graph_db_node_13/06_p0.5/06_graph_n13_p0.5_idx8.gpickle,13,0.5,8,4,18
./random_graph_db/graph_db_node_13/06_p0.5/06_graph_n13_p0.5_idx9.gpickle,13,0.5,9,4,18
./random_graph_db/graph_db_node_13/07_p0.55/07_graph_n13_p0.55_idx1.gpickle,13,0.55,1,4,20
./random_graph_db/graph_db_node_13/07_p0.55/07_graph_n13_p0.55_idx10.gpickle,13,0.55,10,4,22
./random_graph_db/graph_db_node_13/07_p0.55/07_graph_n13_p0.55_idx2.gpickle,13,0.55,2,3,16
./random_graph_db/graph_db_node_13/07_p0.55/07_graph_n13_p0.55_idx3.gpickle,13,0.55,3,4,21
./random_graph_db/graph_db_node_13/07_p0.55/07_graph_n13_p0.55_idx4.gpickle,13,0.55,4,4,18
./random_graph_db/graph_db_node_13/07_p0.55/07_graph_n13_p0.55_idx5.gpickle,13,0.55,5,4,20
./random_graph_db/graph_db_node_13/07_p0.55/07_graph_n13_p0.55_idx6.gpickle,13,0.55,6,4,20
./random_graph_db/graph_db_node_13/07_p0.55/07_graph_n13_p0.55_idx7.gpickle,13,0.55,7,4,19
./random_graph_db/graph_db_node_13/07_p0.55/07_graph_n13_p0.55_idx8.gpickle,13,0.55,8,4,21
./random_graph_db/graph_db_node_13/07_p0.55/07_graph_n13_p0.55_idx9.gpickle,13,0.55,9,4,22
./random_graph_db/graph_db_node_13/08_p0.6/08_graph_n13_p0.6_idx1.gpickle,13,0.6,1,4,21
./random_graph_db/graph_db_node_13/08_p0.6/08_graph_n13_p0.6_idx10.gpickle,13,0.6,10,4,20
./random_graph_db/graph_db_node_13/08_p0.6/08_graph_n13_p0.6_idx2.gpickle,13,0.6,2,3,11
./random_graph_db/graph_db_node_13/08_p0.6/08_graph_n13_p0.6_idx3.gpickle,13,0.6,3,4,21
./random_graph_db/graph_db_node_13/08_p0.6/08_graph_n13_p0.6_idx4.gpickle,13,0.6,4,4,18
./random_graph_db/graph_db_node_13/08_p0.6/08_graph_n13_p0.6_idx5.gpickle,13,0.6,5,4,18
./random_graph_db/graph_db_node_13/08_p0.6/08_graph_n13_p0.6_idx6.gpickle,13,0.6,6,4,20
./random_graph_db/graph_db_node_13/08_p0.6/08_graph_n13_p0.6_idx7.gpickle,13,0.6,7,4,21
./random_graph_db/graph_db_node_13/08_p0.6/08_graph_n13_p0.6_idx8.gpickle,13,0.6,8,4,19
./random_graph_db/graph_db_node_13/08_p0.6/08_graph_n13_p0.6_idx9.gpickle,13,0.6,9,4,16
./random_graph_db/graph_db_node_13/09_p0.65/09_graph_n13_p0.65_idx1.gpickle,13,0.65,1,4,22
./random_graph_db/graph_db_node_13/09_p0.65/09_graph_n13_p0.65_idx10.gpickle,13,0.65,10,4,24
./random_graph_db/graph_db_node_13/09_p0.65/09_graph_n13_p0.65_idx2.gpickle,13,0.65,2,4,16
./random_graph_db/graph_db_node_13/09_p0.65/09_graph_n13_p0.65_idx3.gpickle,13,0.65,3,4,20
./random_graph_db/graph_db_node_13/09_p0.65/09_graph_n13_p0.65_idx4.gpickle,13,0.65,4,4,17
./random_graph_db/graph_db_node_13/09_p0.65/09_graph_n13_p0.65_idx5.gpickle,13,0.65,5,4,17
./random_graph_db/graph_db_node_13/09_p0.65/09_graph_n13_p0.65_idx6.gpickle,13,0.65,6,4,18
./random_graph_db/graph_db_node_13/09_p0.65/09_graph_n13_p0.65_idx7.gpickle,13,0.65,7,4,15
./random_graph_db/graph_db_node_13/09_p0.65/09_graph_n13_p0.65_idx8.gpickle,13,0.65,8,4,17
./random_graph_db/graph_db_node_13/09_p0.65/09_graph_n13_p0.65_idx9.gpickle,13,0.65,9,4,15
./random_graph_db/graph_db_node_13/10_p0.7/10_graph_n13_p0.7_idx1.gpickle,13,0.7,1,3,12
./random_graph_db/graph_db_node_13/10_p0.7/10_graph_n13_p0.7_idx10.gpickle,13,0.7,10,4,15
./random_graph_db/graph_db_node_13/10_p0.7/10_graph_n13_p0.7_idx2.gpickle,13,0.7,2,4,22
./random_graph_db/graph_db_node_13/10_p0.7/10_graph_n13_p0.7_idx3.gpickle,13,0.7,3,3,11
./random_graph_db/graph_db_node_13/10_p0.7/10_graph_n13_p0.7_idx4.gpickle,13,0.7,4,4,19
./random_graph_db/graph_db_node_13/10_p0.7/10_graph_n13_p0.7_idx5.gpickle,13,0.7,5,4,18
./random_graph_db/graph_db_node_13/10_p0.7/10_graph_n13_p0.7_idx6.gpickle,13,0.7,6,4,19
./random_graph_db/graph_db_node_13/10_p0.7/10_graph_n13_p0.7_idx7.gpickle,13,0.7,7,4,19
./random_graph_db/graph_db_node_13/10_p0.7/10_graph_n13_p0.7_idx8.gpickle,13,0.7,8,4,20
./random_graph_db/graph_db_node_13/10_p0.7/10_graph_n13_p0.7_idx9.gpickle,13,0.7,9,4,18
./random_graph_db/graph_db_node_13/11_p0.8/11_graph_n13_p0.8_idx1.gpickle,13,0.8,1,3,6
./random_graph_db/graph_db_node_13/11_p0.8/11_graph_n13_p0.8_idx10.gpickle,13,0.8,10,3,10
./random_graph_db/graph_db_node_13/11_p0.8/11_graph_n13_p0.8_idx2.gpickle,13,0.8,2,2,7
./random_graph_db/graph_db_node_13/11_p0.8/11_graph_n13_p0.8_idx3.gpickle,13,0.8,3,3,10
./random_graph_db/graph_db_node_13/11_p0.8/11_graph_n13_p0.8_idx4.gpickle,13,0.8,4,3,13
./random_graph_db/graph_db_node_13/11_p0.8/11_graph_n13_p0.8_idx5.gpickle,13,0.8,5,3,9
./random_graph_db/graph_db_node_13/11_p0.8/11_graph_n13_p0.8_idx6.gpickle,13,0.8,6,3,14
./random_graph_db/graph_db_node_13/11_p0.8/11_graph_n13_p0.8_idx7.gpickle,13,0.8,7,3,7
./random_graph_db/graph_db_node_13/11_p0.8/11_graph_n13_p0.8_idx8.gpickle,13,0.8,8,3,13
./random_graph_db/graph_db_node_13/11_p0.8/11_graph_n13_p0.8_idx9.gpickle,13,0.8,9,3,10
./random_graph_db/graph_db_node_13/12_p0.9/12_graph_n13_p0.9_idx1.gpickle,13,0.9,1,2,4
./random_graph_db/graph_db_node_13/12_p0.9/12_graph_n13_p0.9_idx10.gpickle,13,0.9,10,3,7
./random_graph_db/graph_db_node_13/12_p0.9/12_graph_n13_p0.9_idx2.gpickle,13,0.9,2,2,7
./random_graph_db/graph_db_node_13/12_p0.9/12_graph_n13_p0.9_idx3.gpickle,13,0.9,3,2,8
./random_graph_db/graph_db_node_13/12_p0.9/12_graph_n13_p0.9_idx4.gpickle,13,0.9,4,3,11
./random_graph_db/graph_db_node_13/12_p0.9/12_graph_n13_p0.9_idx5.gpickle,13,0.9,5,2,6
./random_graph_db/graph_db_node_13/12_p0.9/12_graph_n13_p0.9_idx6.gpickle,13,0.9,6,2,3
./random_graph_db/graph_db_node_13/12_p0.9/12_graph_n13_p0.9_idx7.gpickle,13,0.9,7,2,5
./random_graph_db/graph_db_node_13/12_p0.9/12_graph_n13_p0.9_idx8.gpickle,13,0.9,8,2,3
./random_graph_db/graph_db_node_13/12_p0.9/12_graph_n13_p0.9_idx9.gpickle,13,0.9,9,2,5
./random_graph_db/graph_db_node_14/01_p0.1/01_graph_n14_p0.1_idx1.gpickle,14,0.1,1,2,4
./random_graph_db/graph_db_node_14/01_p0.1/01_graph_n14_p0.1_idx10.gpickle,14,0.1,10,2,5
./random_graph_db/graph_db_node_14/01_p0.1/01_graph_n14_p0.1_idx2.gpickle,14,0.1,2,2,3
./random_graph_db/graph_db_node_14/01_p0.1/01_graph_n14_p0.1_idx3.gpickle,14,0.1,3,2,2
./random_graph_db/graph_db_node_14/01_p0.1/01_graph_n14_p0.1_idx4.gpickle,14,0.1,4,2,3
./random_graph_db/graph_db_node_14/01_p0.1/01_graph_n14_p0.1_idx5.gpickle,14,0.1,5,2,1
./random_graph_db/graph_db_node_14/01_p0.1/01_graph_n14_p0.1_idx6.gpickle,14,0.1,6,2,2
./random_graph_db/graph_db_node_14/01_p0.1/01_graph_n14_p0.1_idx7.gpickle,14,0.1,7,2,3
./random_graph_db/graph_db_node_14/01_p0.1/01_graph_n14_p0.1_idx8.gpickle,14,0.1,8,3,7
./random_graph_db/graph_db_node_14/01_p0.1/01_graph_n14_p0.1_idx9.gpickle,14,0.1,9,3,8
./random_graph_db/graph_db_node_14/02_p0.2/02_graph_n14_p0.2_idx1.gpickle,14,0.2,1,3,8
./random_graph_db/graph_db_node_14/02_p0.2/02_graph_n14_p0.2_idx10.gpickle,14,0.2,10,3,9
./random_graph_db/graph_db_node_14/02_p0.2/02_graph_n14_p0.2_idx2.gpickle,14,0.2,2,3,7
./random_graph_db/graph_db_node_14/02_p0.2/02_graph_n14_p0.2_idx3.gpickle,14,0.2,3,2,3
./random_graph_db/graph_db_node_14/02_p0.2/02_graph_n14_p0.2_idx4.gpickle,14,0.2,4,3,10
./random_graph_db/graph_db_node_14/02_p0.2/02_graph_n14_p0.2_idx5.gpickle,14,0.2,5,3,18
./random_graph_db/graph_db_node_14/02_p0.2/02_graph_n14_p0.2_idx6.gpickle,14,0.2,6,3,8
./random_graph_db/graph_db_node_14/02_p0.2/02_graph_n14_p0.2_idx7.gpickle,14,0.2,7,2,3
./random_graph_db/graph_db_node_14/02_p0.2/02_graph_n14_p0.2_idx8.gpickle,14,0.2,8,3,9
./random_graph_db/graph_db_node_14/02_p0.2/02_graph_n14_p0.2_idx9.gpickle,14,0.2,9,3,12
./random_graph_db/graph_db_node_14/03_p0.3/03_graph_n14_p0.3_idx1.gpickle,14,0.3,1,4,18
./random_graph_db/graph_db_node_14/03_p0.3/03_graph_n14_p0.3_idx10.gpickle,14,0.3,10,4,16
./random_graph_db/graph_db_node_14/03_p0.3/03_graph_n14_p0.3_idx2.gpickle,14,0.3,2,3,10
./random_graph_db/graph_db_node_14/03_p0.3/03_graph_n14_p0.3_idx3.gpickle,14,0.3,3,3,11
./random_graph_db/graph_db_node_14/03_p0.3/03_graph_n14_p0.3_idx4.gpickle,14,0.3,4,4,18
./random_graph_db/graph_db_node_14/03_p0.3/03_graph_n14_p0.3_idx5.gpickle,14,0.3,5,4,20
./random_graph_db/graph_db_node_14/03_p0.3/03_graph_n14_p0.3_idx6.gpickle,14,0.3,6,3,14
./random_graph_db/graph_db_node_14/03_p0.3/03_graph_n14_p0.3_idx7.gpickle,14,0.3,7,3,10
./random_graph_db/graph_db_node_14/03_p0.3/03_graph_n14_p0.3_idx8.gpickle,14,0.3,8,3,19
./random_graph_db/graph_db_node_14/03_p0.3/03_graph_n14_p0.3_idx9.gpickle,14,0.3,9,5,25
./random_graph_db/graph_db_node_14/04_p0.4/04_graph_n14_p0.4_idx1.gpickle,14,0.4,1,4,19
./random_graph_db/graph_db_node_14/04_p0.4/04_graph_n14_p0.4_idx10.gpickle,14,0.4,10,4,22
./random_graph_db/graph_db_node_14/04_p0.4/04_graph_n14_p0.4_idx2.gpickle,14,0.4,2,4,19
./random_graph_db/graph_db_node_14/04_p0.4/04_graph_n14_p0.4_idx3.gpickle,14,0.4,3,4,24
./random_graph_db/graph_db_node_14/04_p0.4/04_graph_n14_p0.4_idx4.gpickle,14,0.4,4,4,23
./random_graph_db/graph_db_node_14/04_p0.4/04_graph_n14_p0.4_idx5.gpickle,14,0.4,5,4,24
./random_graph_db/graph_db_node_14/04_p0.4/04_graph_n14_p0.4_idx6.gpickle,14,0.4,6,4,21
./random_graph_db/graph_db_node_14/04_p0.4/04_graph_n14_p0.4_idx7.gpickle,14,0.4,7,4,20
./random_graph_db/graph_db_node_14/04_p0.4/04_graph_n14_p0.4_idx8.gpickle,14,0.4,8,4,19
./random_graph_db/graph_db_node_14/04_p0.4/04_graph_n14_p0.4_idx9.gpickle,14,0.4,9,4,20
./random_graph_db/graph_db_node_14/05_p0.45/05_graph_n14_p0.45_idx1.gpickle,14,0.45,1,4,21
./random_graph_db/graph_db_node_14/05_p0.45/05_graph_n14_p0.45_idx10.gpickle,14,0.45,10,4,20
./random_graph_db/graph_db_node_14/05_p0.45/05_graph_n14_p0.45_idx2.gpickle,14,0.45,2,5,28
./random_graph_db/graph_db_node_14/05_p0.45/05_graph_n14_p0.45_idx3.gpickle,14,0.45,3,4,17
./random_graph_db/graph_db_node_14/05_p0.45/05_graph_n14_p0.45_idx4.gpickle,14,0.45,4,4,18
./random_graph_db/graph_db_node_14/05_p0.45/05_graph_n14_p0.45_idx5.gpickle,14,0.45,5,5,31
./random_graph_db/graph_db_node_14/05_p0.45/05_graph_n14_p0.45_idx6.gpickle,14,0.45,6,4,20
./random_graph_db/graph_db_node_14/05_p0.45/05_graph_n14_p0.45_idx7.gpickle,14,0.45,7,3,13
./random_graph_db/graph_db_node_14/05_p0.45/05_graph_n14_p0.45_idx8.gpickle,14,0.45,8,4,22
./random_graph_db/graph_db_node_14/05_p0.45/05_graph_n14_p0.45_idx9.gpickle,14,0.45,9,4,17
./random_graph_db/graph_db_node_14/06_p0.5/06_graph_n14_p0.5_idx1.gpickle,14,0.5,1,4,27
./random_graph_db/graph_db_node_14/06_p0.5/06_graph_n14_p0.5_idx10.gpickle,14,0.5,10,5,29
./random_graph_db/graph_db_node_14/06_p0.5/06_graph_n14_p0.5_idx2.gpickle,14,0.5,2,4,24
./random_graph_db/graph_db_node_14/06_p0.5/06_graph_n14_p0.5_idx3.gpickle,14,0.5,3,4,23
./random_graph_db/graph_db_node_14/06_p0.5/06_graph_n14_p0.5_idx4.gpickle,14,0.5,4,4,20
./random_graph_db/graph_db_node_14/06_p0.5/06_graph_n14_p0.5_idx5.gpickle,14,0.5,5,4,21
./random_graph_db/graph_db_node_14/06_p0.5/06_graph_n14_p0.5_idx6.gpickle,14,0.5,6,4,22
./random_graph_db/graph_db_node_14/06_p0.5/06_graph_n14_p0.5_idx7.gpickle,14,0.5,7,4,25
./random_graph_db/graph_db_node_14/06_p0.5/06_graph_n14_p0.5_idx8.gpickle,14,0.5,8,4,22
./random_graph_db/graph_db_node_14/06_p0.5/06_graph_n14_p0.5_idx9.gpickle,14,0.5,9,4,19
./random_graph_db/graph_db_node_14/07_p0.55/07_graph_n14_p0.55_idx1.gpickle,14,0.55,1,4,22
./random_graph_db/graph_db_node_14/07_p0.55/07_graph_n14_p0.55_idx10.gpickle,14,0.55,10,4,20
./random_graph_db/graph_db_node_14/07_p0.55/07_graph_n14_p0.55_idx2.gpickle,14,0.55,2,4,19
./random_graph_db/graph_db_node_14/07_p0.55/07_graph_n14_p0.55_idx3.gpickle,14,0.55,3,4,17
./random_graph_db/graph_db_node_14/07_p0.55/07_graph_n14_p0.55_idx4.gpickle,14,0.55,4,4,21
./random_graph_db/graph_db_node_14/07_p0.55/07_graph_n14_p0.55_idx5.gpickle,14,0.55,5,4,19
./random_graph_db/graph_db_node_14/07_p0.55/07_graph_n14_p0.55_idx6.gpickle,14,0.55,6,4,20
./random_graph_db/graph_db_node_14/07_p0.55/07_graph_n14_p0.55_idx7.gpickle,14,0.55,7,4,16
./random_graph_db/graph_db_node_14/07_p0.55/07_graph_n14_p0.55_idx8.gpickle,14,0.55,8,5,26
./random_graph_db/graph_db_node_14/07_p0.55/07_graph_n14_p0.55_idx9.gpickle,14,0.55,9,4,20
./random_graph_db/graph_db_node_14/08_p0.6/08_graph_n14_p0.6_idx1.gpickle,14,0.6,1,4,20
./random_graph_db/graph_db_node_14/08_p0.6/08_graph_n14_p0.6_idx10.gpickle,14,0.6,10,4,20
./random_graph_db/graph_db_node_14/08_p0.6/08_graph_n14_p0.6_idx2.gpickle,14,0.6,2,4,20
./random_graph_db/graph_db_node_14/08_p0.6/08_graph_n14_p0.6_idx3.gpickle,14,0.6,3,4,20
./random_graph_db/graph_db_node_14/08_p0.6/08_graph_n14_p0.6_idx4.gpickle,14,0.6,4,4,26
./random_graph_db/graph_db_node_14/08_p0.6/08_graph_n14_p0.6_idx5.gpickle,14,0.6,5,4,23
./random_graph_db/graph_db_node_14/08_p0.6/08_graph_n14_p0.6_idx6.gpickle,14,0.6,6,4,21
./random_graph_db/graph_db_node_14/08_p0.6/08_graph_n14_p0.6_idx7.gpickle,14,0.6,7,4,22
./random_graph_db/graph_db_node_14/08_p0.6/08_graph_n14_p0.6_idx8.gpickle,14,0.6,8,4,19
./random_graph_db/graph_db_node_14/08_p0.6/08_graph_n14_p0.6_idx9.gpickle,14,0.6,9,4,19
./random_graph_db/graph_db_node_14/09_p0.65/09_graph_n14_p0.65_idx1.gpickle,14,0.65,1,4,25
./random_graph_db/graph_db_node_14/09_p0.65/09_graph_n14_p0.65_idx10.gpickle,14,0.65,10,4,23
./random_graph_db/graph_db_node_14/09_p0.65/09_graph_n14_p0.65_idx2.gpickle,14,0.65,2,4,17
./random_graph_db/graph_db_node_14/09_p0.65/09_graph_n14_p0.65_idx3.gpickle,14,0.65,3,4,20
./random_graph_db/graph_db_node_14/09_p0.65/09_graph_n14_p0.65_idx4.gpickle,14,0.65,4,4,17
./random_graph_db/graph_db_node_14/09_p0.65/09_graph_n14_p0.65_idx5.gpickle,14,0.65,5,4,20
./random_graph_db/graph_db_node_14/09_p0.65/09_graph_n14_p0.65_idx6.gpickle,14,0.65,6,4,26
./random_graph_db/graph_db_node_14/09_p0.65/09_graph_n14_p0.65_idx7.gpickle,14,0.65,7,4,20
./random_graph_db/graph_db_node_14/09_p0.65/09_graph_n14_p0.65_idx8.gpickle,14,0.65,8,4,19
./random_graph_db/graph_db_node_14/09_p0.65/09_graph_n14_p0.65_idx9.gpickle,14,0.65,9,4,19
./random_graph_db/graph_db_node_14/10_p0.7/10_graph_n14_p0.7_idx1.gpickle,14,0.7,1,3,14
./random_graph_db/graph_db_node_14/10_p0.7/10_graph_n14_p0.7_idx10.gpickle,14,0.7,10,4,20
./random_graph_db/graph_db_node_14/10_p0.7/10_graph_n14_p0.7_idx2.gpickle,14,0.7,2,4,25
./random_graph_db/graph_db_node_14/10_p0.7/10_graph_n14_p0.7_idx3.gpickle,14,0.7,3,4,18
./random_graph_db/graph_db_node_14/10_p0.7/10_graph_n14_p0.7_idx4.gpickle,14,0.7,4,4,20
./random_graph_db/graph_db_node_14/10_p0.7/10_graph_n14_p0.7_idx5.gpickle,14,0.7,5,4,22
./random_graph_db/graph_db_node_14/10_p0.7/10_graph_n14_p0.7_idx6.gpickle,14,0.7,6,4,21
./random_graph_db/graph_db_node_14/10_p0.7/10_graph_n14_p0.7_idx7.gpickle,14,0.7,7,4,23
./random_graph_db/graph_db_node_14/10_p0.7/10_graph_n14_p0.7_idx8.gpickle,14,0.7,8,4,23
./random_graph_db/graph_db_node_14/10_p0.7/10_graph_n14_p0.7_idx9.gpickle,14,0.7,9,4,27
./random_graph_db/graph_db_node_14/11_p0.8/11_graph_n14_p0.8_idx1.gpickle,14,0.8,1,3,13
./random_graph_db/graph_db_node_14/11_p0.8/11_graph_n14_p0.8_idx10.gpickle,14,0.8,10,3,12
./random_graph_db/graph_db_node_14/11_p0.8/11_graph_n14_p0.8_idx2.gpickle,14,0.8,2,3,10
./random_graph_db/graph_db_node_14/11_p0.8/11_graph_n14_p0.8_idx3.gpickle,14,0.8,3,3,11
./random_graph_db/graph_db_node_14/11_p0.8/11_graph_n14_p0.8_idx4.gpickle,14,0.8,4,4,16
./random_graph_db/graph_db_node_14/11_p0.8/11_graph_n14_p0.8_idx5.gpickle,14,0.8,5,3,16
./random_graph_db/graph_db_node_14/11_p0.8/11_graph_n14_p0.8_idx6.gpickle,14,0.8,6,3,13
./random_graph_db/graph_db_node_14/11_p0.8/11_graph_n14_p0.8_idx7.gpickle,14,0.8,7,3,9
./random_graph_db/graph_db_node_14/11_p0.8/11_graph_n14_p0.8_idx8.gpickle,14,0.8,8,3,13
./random_graph_db/graph_db_node_14/11_p0.8/11_graph_n14_p0.8_idx9.gpickle,14,0.8,9,3,13
./random_graph_db/graph_db_node_14/12_p0.9/12_graph_n14_p0.9_idx1.gpickle,14,0.9,1,2,7
./random_graph_db/graph_db_node_14/12_p0.9/12_graph_n14_p0.9_idx10.gpickle,14,0.9,10,2,5
./random_graph_db/graph_db_node_14/12_p0.9/12_graph_n14_p0.9_idx2.gpickle,14,0.9,2,2,5
./random_graph_db/graph_db_node_14/12_p0.9/12_graph_n14_p0.9_idx3.gpickle,14,0.9,3,3,14
./random_graph_db/graph_db_node_14/12_p0.9/12_graph_n14_p0.9_idx4.gpickle,14,0.9,4,3,12
./random_graph_db/graph_db_node_14/12_p0.9/12_graph_n14_p0.9_idx5.gpickle,14,0.9,5,2,6
./random_graph_db/graph_db_node_14/12_p0.9/12_graph_n14_p0.9_idx6.gpickle,14,0.9,6,2,2
./random_graph_db/graph_db_node_14/12_p0.9/12_graph_n14_p0.9_idx7.gpickle,14,0.9,7,2,6
./random_graph_db/graph_db_node_14/12_p0.9/12_graph_n14_p0.9_idx8.gpickle,14,0.9,8,3,8
./random_graph_db/graph_db_node_14/12_p0.9/12_graph_n14_p0.9_idx9.gpickle,14,0.9,9,3,8
./random_graph_db/graph_db_node_15/01_p0.1/01_graph_n15_p0.1_idx1.gpickle,15,0.1,1,2,2
./random_graph_db/graph_db_node_15/01_p0.1/01_graph_n15_p0.1_idx10.gpickle,15,0.1,10,3,8
./random_graph_db/graph_db_node_15/01_p0.1/01_graph_n15_p0.1_idx2.gpickle,15,0.1,2,2,3
./random_graph_db/graph_db_node_15/01_p0.1/01_graph_n15_p0.1_idx3.gpickle,15,0.1,3,2,4
./random_graph_db/graph_db_node_15/01_p0.1/01_graph_n15_p0.1_idx4.gpickle,15,0.1,4,1,0
./random_graph_db/graph_db_node_15/01_p0.1/01_graph_n15_p0.1_idx5.gpickle,15,0.1,5,2,4
./random_graph_db/graph_db_node_15/01_p0.1/01_graph_n15_p0.1_idx6.gpickle,15,0.1,6,2,3
./random_graph_db/graph_db_node_15/01_p0.1/01_graph_n15_p0.1_idx7.gpickle,15,0.1,7,3,6
./random_graph_db/graph_db_node_15/01_p0.1/01_graph_n15_p0.1_idx8.gpickle,15,0.1,8,2,2
./random_graph_db/graph_db_node_15/01_p0.1/01_graph_n15_p0.1_idx9.gpickle,15,0.1,9,2,3
./random_graph_db/graph_db_node_15/02_p0.2/02_graph_n15_p0.2_idx1.gpickle,15,0.2,1,3,14
./random_graph_db/graph_db_node_15/02_p0.2/02_graph_n15_p0.2_idx10.gpickle,15,0.2,10,3,9
./random_graph_db/graph_db_node_15/02_p0.2/02_graph_n15_p0.2_idx2.gpickle,15,0.2,2,3,10
./random_graph_db/graph_db_node_15/02_p0.2/02_graph_n15_p0.2_idx3.gpickle,15,0.2,3,3,14
./random_graph_db/graph_db_node_15/02_p0.2/02_graph_n15_p0.2_idx4.gpickle,15,0.2,4,3,10
./random_graph_db/graph_db_node_15/02_p0.2/02_graph_n15_p0.2_idx5.gpickle,15,0.2,5,3,10
./random_graph_db/graph_db_node_15/02_p0.2/02_graph_n15_p0.2_idx6.gpickle,15,0.2,6,3,15
./random_graph_db/graph_db_node_15/02_p0.2/02_graph_n15_p0.2_idx7.gpickle,15,0.2,7,2,3
./random_graph_db/graph_db_node_15/02_p0.2/02_graph_n15_p0.2_idx8.gpickle,15,0.2,8,3,6
./random_graph_db/graph_db_node_15/02_p0.2/02_graph_n15_p0.2_idx9.gpickle,15,0.2,9,3,9
./random_graph_db/graph_db_node_15/03_p0.3/03_graph_n15_p0.3_idx1.gpickle,15,0.3,1,3,14
./random_graph_db/graph_db_node_15/03_p0.3/03_graph_n15_p0.3_idx10.gpickle,15,0.3,10,4,19
./random_graph_db/graph_db_node_15/03_p0.3/03_graph_n15_p0.3_idx2.gpickle,15,0.3,2,3,13
./random_graph_db/graph_db_node_15/03_p0.3/03_graph_n15_p0.3_idx3.gpickle,15,0.3,3,3,14
./random_graph_db/graph_db_node_15/03_p0.3/03_graph_n15_p0.3_idx4.gpickle,15,0.3,4,4,17
./random_graph_db/graph_db_node_15/03_p0.3/03_graph_n15_p0.3_idx5.gpickle,15,0.3,5,4,16
./random_graph_db/graph_db_node_15/03_p0.3/03_graph_n15_p0.3_idx6.gpickle,15,0.3,6,3,12
./random_graph_db/graph_db_node_15/03_p0.3/03_graph_n15_p0.3_idx7.gpickle,15,0.3,7,4,16
./random_graph_db/graph_db_node_15/03_p0.3/03_graph_n15_p0.3_idx8.gpickle,15,0.3,8,4,21
./random_graph_db/graph_db_node_15/03_p0.3/03_graph_n15_p0.3_idx9.gpickle,15,0.3,9,4,21
./random_graph_db/graph_db_node_15/04_p0.4/04_graph_n15_p0.4_idx1.gpickle,15,0.4,1,4,28
./random_graph_db/graph_db_node_15/04_p0.4/04_graph_n15_p0.4_idx10.gpickle,15,0.4,10,4,26
./random_graph_db/graph_db_node_15/04_p0.4/04_graph_n15_p0.4_idx2.gpickle,15,0.4,2,5,27
./random_graph_db/graph_db_node_15/04_p0.4/04_graph_n15_p0.4_idx3.gpickle,15,0.4,3,4,26
./random_graph_db/graph_db_node_15/04_p0.4/04_graph_n15_p0.4_idx4.gpickle,15,0.4,4,5,29
./random_graph_db/graph_db_node_15/04_p0.4/04_graph_n15_p0.4_idx5.gpickle,15,0.4,5,4,23
./random_graph_db/graph_db_node_15/04_p0.4/04_graph_n15_p0.4_idx6.gpickle,15,0.4,6,4,20
./random_graph_db/graph_db_node_15/04_p0.4/04_graph_n15_p0.4_idx7.gpickle,15,0.4,7,5,29
./random_graph_db/graph_db_node_15/04_p0.4/04_graph_n15_p0.4_idx8.gpickle,15,0.4,8,5,28
./random_graph_db/graph_db_node_15/04_p0.4/04_graph_n15_p0.4_idx9.gpickle,15,0.4,9,5,29
./random_graph_db/graph_db_node_15/05_p0.45/05_graph_n15_p0.45_idx1.gpickle,15,0.45,1,5,28
./random_graph_db/graph_db_node_15/05_p0.45/05_graph_n15_p0.45_idx10.gpickle,15,0.45,10,5,31
./random_graph_db/graph_db_node_15/05_p0.45/05_graph_n15_p0.45_idx2.gpickle,15,0.45,2,5,26
./random_graph_db/graph_db_node_15/05_p0.45/05_graph_n15_p0.45_idx3.gpickle,15,0.45,3,4,23
./random_graph_db/graph_db_node_15/05_p0.45/05_graph_n15_p0.45_idx4.gpickle,15,0.45,4,4,22
./random_graph_db/graph_db_node_15/05_p0.45/05_graph_n15_p0.45_idx5.gpickle,15,0.45,5,4,21
./random_graph_db/graph_db_node_15/05_p0.45/05_graph_n15_p0.45_idx6.gpickle,15,0.45,6,5,33
./random_graph_db/graph_db_node_15/05_p0.45/05_graph_n15_p0.45_idx7.gpickle,15,0.45,7,4,20
./random_graph_db/graph_db_node_15/05_p0.45/05_graph_n15_p0.45_idx8.gpickle,15,0.45,8,5,31
./random_graph_db/graph_db_node_15/05_p0.45/05_graph_n15_p0.45_idx9.gpickle,15,0.45,9,5,30
./random_graph_db/graph_db_node_15/06_p0.5/06_graph_n15_p0.5_idx1.gpickle,15,0.5,1,5,29
./random_graph_db/graph_db_node_15/06_p0.5/06_graph_n15_p0.5_idx10.gpickle,15,0.5,10,5,28
./random_graph_db/graph_db_node_15/06_p0.5/06_graph_n15_p0.5_idx2.gpickle,15,0.5,2,4,21
./random_graph_db/graph_db_node_15/06_p0.5/06_graph_n15_p0.5_idx3.gpickle,15,0.5,3,5,32
./random_graph_db/graph_db_node_15/06_p0.5/06_graph_n15_p0.5_idx4.gpickle,15,0.5,4,5,31
./random_graph_db/graph_db_node_15/06_p0.5/06_graph_n15_p0.5_idx5.gpickle,15,0.5,5,5,28
./random_graph_db/graph_db_node_15/06_p0.5/06_graph_n15_p0.5_idx6.gpickle,15,0.5,6,5,32
./random_graph_db/graph_db_node_15/06_p0.5/06_graph_n15_p0.5_idx7.gpickle,15,0.5,7,5,27
./random_graph_db/graph_db_node_15/06_p0.5/06_graph_n15_p0.5_idx8.gpickle,15,0.5,8,5,29
./random_graph_db/graph_db_node_15/06_p0.5/06_graph_n15_p0.5_idx9.gpickle,15,0.5,9,4,20
./random_graph_db/graph_db_node_15/07_p0.55/07_graph_n15_p0.55_idx1.gpickle,15,0.55,1,4,26
./random_graph_db/graph_db_node_15/07_p0.55/07_graph_n15_p0.55_idx10.gpickle,15,0.55,10,4,25
./random_graph_db/graph_db_node_15/07_p0.55/07_graph_n15_p0.55_idx2.gpickle,15,0.55,2,5,29
./random_graph_db/graph_db_node_15/07_p0.55/07_graph_n15_p0.55_idx3.gpickle,15,0.55,3,5,25
./random_graph_db/graph_db_node_15/07_p0.55/07_graph_n15_p0.55_idx4.gpickle,15,0.55,4,5,29
./random_graph_db/graph_db_node_15/07_p0.55/07_graph_n15_p0.55_idx5.gpickle,15,0.55,5,5,28
./random_graph_db/graph_db_node_15/07_p0.55/07_graph_n15_p0.55_idx6.gpickle,15,0.55,6,5,22
./random_graph_db/graph_db_node_15/07_p0.55/07_graph_n15_p0.55_idx7.gpickle,15,0.55,7,5,30
./random_graph_db/graph_db_node_15/07_p0.55/07_graph_n15_p0.55_idx8.gpickle,15,0.55,8,5,26
./random_graph_db/graph_db_node_15/07_p0.55/07_graph_n15_p0.55_idx9.gpickle,15,0.55,9,5,27
./random_graph_db/graph_db_node_15/08_p0.6/08_graph_n15_p0.6_idx1.gpickle,15,0.6,1,4,24
./random_graph_db/graph_db_node_15/08_p0.6/08_graph_n15_p0.6_idx10.gpickle,15,0.6,10,4,24
./random_graph_db/graph_db_node_15/08_p0.6/08_graph_n15_p0.6_idx2.gpickle,15,0.6,2,5,31
./random_graph_db/graph_db_node_15/08_p0.6/08_graph_n15_p0.6_idx3.gpickle,15,0.6,3,5,29
./random_graph_db/graph_db_node_15/08_p0.6/08_graph_n15_p0.6_idx4.gpickle,15,0.6,4,5,30
./random_graph_db/graph_db_node_15/08_p0.6/08_graph_n15_p0.6_idx5.gpickle,15,0.6,5,5,33
./random_graph_db/graph_db_node_15/08_p0.6/08_graph_n15_p0.6_idx6.gpickle,15,0.6,6,5,26
./random_graph_db/graph_db_node_15/08_p0.6/08_graph_n15_p0.6_idx7.gpickle,15,0.6,7,5,32
./random_graph_db/graph_db_node_15/08_p0.6/08_graph_n15_p0.6_idx8.gpickle,15,0.6,8,4,23
./random_graph_db/graph_db_node_15/08_p0.6/08_graph_n15_p0.6_idx9.gpickle,15,0.6,9,4,27
./random_graph_db/graph_db_node_15/09_p0.65/09_graph_n15_p0.65_idx1.gpickle,15,0.65,1,4,23
./random_graph_db/graph_db_node_15/09_p0.65/09_graph_n15_p0.65_idx10.gpickle,15,0.65,10,4,26
./random_graph_db/graph_db_node_15/09_p0.65/09_graph_n15_p0.65_idx2.gpickle,15,0.65,2,5,31
./random_graph_db/graph_db_node_15/09_p0.65/09_graph_n15_p0.65_idx3.gpickle,15,0.65,3,5,27
./random_graph_db/graph_db_node_15/09_p0.65/09_graph_n15_p0.65_idx4.gpickle,15,0.65,4,4,22
./random_graph_db/graph_db_node_15/09_p0.65/09_graph_n15_p0.65_idx5.gpickle,15,0.65,5,5,27
./random_graph_db/graph_db_node_15/09_p0.65/09_graph_n15_p0.65_idx6.gpickle,15,0.65,6,5,26
./random_graph_db/graph_db_node_15/09_p0.65/09_graph_n15_p0.65_idx7.gpickle,15,0.65,7,4,21
./random_graph_db/graph_db_node_15/09_p0.65/09_graph_n15_p0.65_idx8.gpickle,15,0.65,8,5,29
./random_graph_db/graph_db_node_15/09_p0.65/09_graph_n15_p0.65_idx9.gpickle,15,0.65,9,5,25
./random_graph_db/graph_db_node_15/10_p0.7/10_graph_n15_p0.7_idx1.gpickle,15,0.7,1,4,21
./random_graph_db/graph_db_node_15/10_p0.7/10_graph_n15_p0.7_idx10.gpickle,15,0.7,10,4,22
./random_graph_db/graph_db_node_15/10_p0.7/10_graph_n15_p0.7_idx2.gpickle,15,0.7,2,5,30
./random_graph_db/graph_db_node_15/10_p0.7/10_graph_n15_p0.7_idx3.gpickle,15,0.7,3,4,23
./random_graph_db/graph_db_node_15/10_p0.7/10_graph_n15_p0.7_idx4.gpickle,15,0.7,4,5,25
./random_graph_db/graph_db_node_15/10_p0.7/10_graph_n15_p0.7_idx5.gpickle,15,0.7,5,4,23
./random_graph_db/graph_db_node_15/10_p0.7/10_graph_n15_p0.7_idx6.gpickle,15,0.7,6,5,30
./random_graph_db/graph_db_node_15/10_p0.7/10_graph_n15_p0.7_idx7.gpickle,15,0.7,7,4,26
./random_graph_db/graph_db_node_15/10_p0.7/10_graph_n15_p0.7_idx8.gpickle,15,0.7,8,5,30
./random_graph_db/graph_db_node_15/10_p0.7/10_graph_n15_p0.7_idx9.gpickle,15,0.7,9,4,20
./random_graph_db/graph_db_node_15/11_p0.8/11_graph_n15_p0.8_idx1.gpickle,15,0.8,1,4,23
./random_graph_db/graph_db_node_15/11_p0.8/11_graph_n15_p0.8_idx10.gpickle,15,0.8,10,4,20
./random_graph_db/graph_db_node_15/11_p0.8/11_graph_n15_p0.8_idx2.gpickle,15,0.8,2,3,16
./random_graph_db/graph_db_node_15/11_p0.8/11_graph_n15_p0.8_idx3.gpickle,15,0.8,3,4,16
./random_graph_db/graph_db_node_15/11_p0.8/11_graph_n15_p0.8_idx4.gpickle,15,0.8,4,4,21
./random_graph_db/graph_db_node_15/11_p0.8/11_graph_n15_p0.8_idx5.gpickle,15,0.8,5,4,22
./random_graph_db/graph_db_node_15/11_p0.8/11_graph_n15_p0.8_idx6.gpickle,15,0.8,6,4,19
./random_graph_db/graph_db_node_15/11_p0.8/11_graph_n15_p0.8_idx7.gpickle,15,0.8,7,3,13
./random_graph_db/graph_db_node_15/11_p0.8/11_graph_n15_p0.8_idx8.gpickle,15,0.8,8,3,14
./random_graph_db/graph_db_node_15/11_p0.8/11_graph_n15_p0.8_idx9.gpickle,15,0.8,9,4,18
./random_graph_db/graph_db_node_15/12_p0.9/12_graph_n15_p0.9_idx1.gpickle,15,0.9,1,2,5
./random_graph_db/graph_db_node_15/12_p0.9/12_graph_n15_p0.9_idx10.gpickle,15,0.9,10,3,11
./random_graph_db/graph_db_node_15/12_p0.9/12_graph_n15_p0.9_idx2.gpickle,15,0.9,2,2,9
./random_graph_db/graph_db_node_15/12_p0.9/12_graph_n15_p0.9_idx3.gpickle,15,0.9,3,3,12
./random_graph_db/graph_db_node_15/12_p0.9/12_graph_n15_p0.9_idx4.gpickle,15,0.9,4,4,20
./random_graph_db/graph_db_node_15/12_p0.9/12_graph_n15_p0.9_idx5.gpickle,15,0.9,5,2,6
./random_graph_db/graph_db_node_15/12_p0.9/12_graph_n15_p0.9_idx6.gpickle,15,0.9,6,2,5
./random_graph_db/graph_db_node_15/12_p0.9/12_graph_n15_p0.9_idx7.gpickle,15,0.9,7,2,5
./random_graph_db/graph_db_node_15/12_p0.9/12_graph_n15_p0.9_idx8.gpickle,15,0.9,8,3,10
./random_graph_db/graph_db_node_15/12_p0.9/12_graph_n15_p0.9_idx9.gpickle,15,0.9,9,3,9
./random_graph_db/graph_db_node_16/01_p0.1/01_graph_n16_p0.1_idx1.gpickle,16,0.1,1,2,4
./random_graph_db/graph_db_node_16/01_p0.1/01_graph_n16_p0.1_idx10.gpickle,16,0.1,10,2,6
./random_graph_db/graph_db_node_16/01_p0.1/01_graph_n16_p0.1_idx2.gpickle,16,0.1,2,3,6
./random_graph_db/graph_db_node_16/01_p0.1/01_graph_n16_p0.1_idx3.gpickle,16,0.1,3,2,2
./random_graph_db/graph_db_node_16/01_p0.1/01_graph_n16_p0.1_idx4.gpickle,16,0.1,4,3,7
./random_graph_db/graph_db_node_16/01_p0.1/01_graph_n16_p0.1_idx5.gpickle,16,0.1,5,3,7
./random_graph_db/graph_db_node_16/01_p0.1/01_graph_n16_p0.1_idx6.gpickle,16,0.1,6,2,4
./random_graph_db/graph_db_node_16/01_p0.1/01_graph_n16_p0.1_idx7.gpickle,16,0.1,7,3,7
./random_graph_db/graph_db_node_16/01_p0.1/01_graph_n16_p0.1_idx8.gpickle,16,0.1,8,3,10
./random_graph_db/graph_db_node_16/01_p0.1/01_graph_n16_p0.1_idx9.gpickle,16,0.1,9,3,7
./random_graph_db/graph_db_node_16/02_p0.2/02_graph_n16_p0.2_idx1.gpickle,16,0.2,1,3,10
./random_graph_db/graph_db_node_16/02_p0.2/02_graph_n16_p0.2_idx10.gpickle,16,0.2,10,3,7
./random_graph_db/graph_db_node_16/02_p0.2/02_graph_n16_p0.2_idx2.gpickle,16,0.2,2,3,9
./random_graph_db/graph_db_node_16/02_p0.2/02_graph_n16_p0.2_idx3.gpickle,16,0.2,3,4,14
./random_graph_db/graph_db_node_16/02_p0.2/02_graph_n16_p0.2_idx4.gpickle,16,0.2,4,3,9
./random_graph_db/graph_db_node_16/02_p0.2/02_graph_n16_p0.2_idx5.gpickle,16,0.2,5,3,14
./random_graph_db/graph_db_node_16/02_p0.2/02_graph_n16_p0.2_idx6.gpickle,16,0.2,6,3,11
./random_graph_db/graph_db_node_16/02_p0.2/02_graph_n16_p0.2_idx7.gpickle,16,0.2,7,3,6
./random_graph_db/graph_db_node_16/02_p0.2/02_graph_n16_p0.2_idx8.gpickle,16,0.2,8,3,9
./random_graph_db/graph_db_node_16/02_p0.2/02_graph_n16_p0.2_idx9.gpickle,16,0.2,9,3,14
./random_graph_db/graph_db_node_16/03_p0.3/03_graph_n16_p0.3_idx1.gpickle,16,0.3,1,4,24
./random_graph_db/graph_db_node_16/03_p0.3/03_graph_n16_p0.3_idx10.gpickle,16,0.3,10,4,19
./random_graph_db/graph_db_node_16/03_p0.3/03_graph_n16_p0.3_idx2.gpickle,16,0.3,2,4,17
./random_graph_db/graph_db_node_16/03_p0.3/03_graph_n16_p0.3_idx3.gpickle,16,0.3,3,4,20
./random_graph_db/graph_db_node_16/03_p0.3/03_graph_n16_p0.3_idx4.gpickle,16,0.3,4,4,21
./random_graph_db/graph_db_node_16/03_p0.3/03_graph_n16_p0.3_idx5.gpickle,16,0.3,5,5,24
./random_graph_db/graph_db_node_16/03_p0.3/03_graph_n16_p0.3_idx6.gpickle,16,0.3,6,4,20
./random_graph_db/graph_db_node_16/03_p0.3/03_graph_n16_p0.3_idx7.gpickle,16,0.3,7,5,21
./random_graph_db/graph_db_node_16/03_p0.3/03_graph_n16_p0.3_idx8.gpickle,16,0.3,8,5,26
./random_graph_db/graph_db_node_16/03_p0.3/03_graph_n16_p0.3_idx9.gpickle,16,0.3,9,5,22
./random_graph_db/graph_db_node_16/04_p0.4/04_graph_n16_p0.4_idx1.gpickle,16,0.4,1,5,32
./random_graph_db/graph_db_node_16/04_p0.4/04_graph_n16_p0.4_idx10.gpickle,16,0.4,10,5,30
./random_graph_db/graph_db_node_16/04_p0.4/04_graph_n16_p0.4_idx2.gpickle,16,0.4,2,5,29
./random_graph_db/graph_db_node_16/04_p0.4/04_graph_n16_p0.4_idx3.gpickle,16,0.4,3,5,24
./random_graph_db/graph_db_node_16/04_p0.4/04_graph_n16_p0.4_idx4.gpickle,16,0.4,4,5,33
./random_graph_db/graph_db_node_16/04_p0.4/04_graph_n16_p0.4_idx5.gpickle,16,0.4,5,5,36
./random_graph_db/graph_db_node_16/04_p0.4/04_graph_n16_p0.4_idx6.gpickle,16,0.4,6,5,27
./random_graph_db/graph_db_node_16/04_p0.4/04_graph_n16_p0.4_idx7.gpickle,16,0.4,7,5,29
./random_graph_db/graph_db_node_16/04_p0.4/04_graph_n16_p0.4_idx8.gpickle,16,0.4,8,4,32
./random_graph_db/graph_db_node_16/04_p0.4/04_graph_n16_p0.4_idx9.gpickle,16,0.4,9,5,28
./random_graph_db/graph_db_node_16/05_p0.45/05_graph_n16_p0.45_idx1.gpickle,16,0.45,1,5,32
./random_graph_db/graph_db_node_16/05_p0.45/05_graph_n16_p0.45_idx10.gpickle,16,0.45,10,5,33
./random_graph_db/graph_db_node_16/05_p0.45/05_graph_n16_p0.45_idx2.gpickle,16,0.45,2,5,36
./random_graph_db/graph_db_node_16/05_p0.45/05_graph_n16_p0.45_idx3.gpickle,16,0.45,3,5,28
./random_graph_db/graph_db_node_16/05_p0.45/05_graph_n16_p0.45_idx4.gpickle,16,0.45,4,5,34
./random_graph_db/graph_db_node_16/05_p0.45/05_graph_n16_p0.45_idx5.gpickle,16,0.45,5,5,35
./random_graph_db/graph_db_node_16/05_p0.45/05_graph_n16_p0.45_idx6.gpickle,16,0.45,6,5,34
./random_graph_db/graph_db_node_16/05_p0.45/05_graph_n16_p0.45_idx7.gpickle,16,0.45,7,5,32
./random_graph_db/graph_db_node_16/05_p0.45/05_graph_n16_p0.45_idx8.gpickle,16,0.45,8,5,37
./random_graph_db/graph_db_node_16/05_p0.45/05_graph_n16_p0.45_idx9.gpickle,16,0.45,9,5,32
./random_graph_db/graph_db_node_16/06_p0.5/06_graph_n16_p0.5_idx1.gpickle,16,0.5,1,5,32
./random_graph_db/graph_db_node_16/06_p0.5/06_graph_n16_p0.5_idx10.gpickle,16,0.5,10,5,31
./random_graph_db/graph_db_node_16/06_p0.5/06_graph_n16_p0.5_idx2.gpickle,16,0.5,2,5,32
./random_graph_db/graph_db_node_16/06_p0.5/06_graph_n16_p0.5_idx3.gpickle,16,0.5,3,5,34
./random_graph_db/graph_db_node_16/06_p0.5/06_graph_n16_p0.5_idx4.gpickle,16,0.5,4,5,27
./random_graph_db/graph_db_node_16/06_p0.5/06_graph_n16_p0.5_idx5.gpickle,16,0.5,5,5,35
./random_graph_db/graph_db_node_16/06_p0.5/06_graph_n16_p0.5_idx6.gpickle,16,0.5,6,5,32
./random_graph_db/graph_db_node_16/06_p0.5/06_graph_n16_p0.5_idx7.gpickle,16,0.5,7,5,31
./random_graph_db/graph_db_node_16/06_p0.5/06_graph_n16_p0.5_idx8.gpickle,16,0.5,8,5,34
./random_graph_db/graph_db_node_16/06_p0.5/06_graph_n16_p0.5_idx9.gpickle,16,0.5,9,5,31
./random_graph_db/graph_db_node_16/07_p0.55/07_graph_n16_p0.55_idx1.gpickle,16,0.55,1,5,31
./random_graph_db/graph_db_node_16/07_p0.55/07_graph_n16_p0.55_idx10.gpickle,16,0.55,10,5,35
./random_graph_db/graph_db_node_16/07_p0.55/07_graph_n16_p0.55_idx2.gpickle,16,0.55,2,5,33
./random_graph_db/graph_db_node_16/07_p0.55/07_graph_n16_p0.55_idx3.gpickle,16,0.55,3,4,30
./random_graph_db/graph_db_node_16/07_p0.55/07_graph_n16_p0.55_idx4.gpickle,16,0.55,4,5,33
./random_graph_db/graph_db_node_16/07_p0.55/07_graph_n16_p0.55_idx5.gpickle,16,0.55,5,5,28
./random_graph_db/graph_db_node_16/07_p0.55/07_graph_n16_p0.55_idx6.gpickle,16,0.55,6,5,29
./random_graph_db/graph_db_node_16/07_p0.55/07_graph_n16_p0.55_idx7.gpickle,16,0.55,7,5,32
./random_graph_db/graph_db_node_16/07_p0.55/07_graph_n16_p0.55_idx8.gpickle,16,0.55,8,5,32
./random_graph_db/graph_db_node_16/07_p0.55/07_graph_n16_p0.55_idx9.gpickle,16,0.55,9,5,29
./random_graph_db/graph_db_node_16/08_p0.6/08_graph_n16_p0.6_idx1.gpickle,16,0.6,1,5,32
./random_graph_db/graph_db_node_16/08_p0.6/08_graph_n16_p0.6_idx10.gpickle,16,0.6,10,5,29
./random_graph_db/graph_db_node_16/08_p0.6/08_graph_n16_p0.6_idx2.gpickle,16,0.6,2,5,30
./random_graph_db/graph_db_node_16/08_p0.6/08_graph_n16_p0.6_idx3.gpickle,16,0.6,3,5,34
./random_graph_db/graph_db_node_16/08_p0.6/08_graph_n16_p0.6_idx4.gpickle,16,0.6,4,5,32
./random_graph_db/graph_db_node_16/08_p0.6/08_graph_n16_p0.6_idx5.gpickle,16,0.6,5,5,33
./random_graph_db/graph_db_node_16/08_p0.6/08_graph_n16_p0.6_idx6.gpickle,16,0.6,6,5,27
./random_graph_db/graph_db_node_16/08_p0.6/08_graph_n16_p0.6_idx7.gpickle,16,0.6,7,5,30
./random_graph_db/graph_db_node_16/08_p0.6/08_graph_n16_p0.6_idx8.gpickle,16,0.6,8,5,32
./random_graph_db/graph_db_node_16/08_p0.6/08_graph_n16_p0.6_idx9.gpickle,16,0.6,9,5,33
./random_graph_db/graph_db_node_16/09_p0.65/09_graph_n16_p0.65_idx1.gpickle,16,0.65,1,5,33
./random_graph_db/graph_db_node_16/09_p0.65/09_graph_n16_p0.65_idx10.gpickle,16,0.65,10,5,31
./random_graph_db/graph_db_node_16/09_p0.65/09_graph_n16_p0.65_idx2.gpickle,16,0.65,2,5,27
./random_graph_db/graph_db_node_16/09_p0.65/09_graph_n16_p0.65_idx3.gpickle,16,0.65,3,5,36
./random_graph_db/graph_db_node_16/09_p0.65/09_graph_n16_p0.65_idx4.gpickle,16,0.65,4,5,39
./random_graph_db/graph_db_node_16/09_p0.65/09_graph_n16_p0.65_idx5.gpickle,16,0.65,5,5,36
./random_graph_db/graph_db_node_16/09_p0.65/09_graph_n16_p0.65_idx6.gpickle,16,0.65,6,5,31
./random_graph_db/graph_db_node_16/09_p0.65/09_graph_n16_p0.65_idx7.gpickle,16,0.65,7,5,33
./random_graph_db/graph_db_node_16/09_p0.65/09_graph_n16_p0.65_idx8.gpickle,16,0.65,8,5,29
./random_graph_db/graph_db_node_16/09_p0.65/09_graph_n16_p0.65_idx9.gpickle,16,0.65,9,4,25
./random_graph_db/graph_db_node_16/10_p0.7/10_graph_n16_p0.7_idx1.gpickle,16,0.7,1,4,20
./random_graph_db/graph_db_node_16/10_p0.7/10_graph_n16_p0.7_idx10.gpickle,16,0.7,10,5,28
./random_graph_db/graph_db_node_16/10_p0.7/10_graph_n16_p0.7_idx2.gpickle,16,0.7,2,5,38
./random_graph_db/graph_db_node_16/10_p0.7/10_graph_n16_p0.7_idx3.gpickle,16,0.7,3,5,34
./random_graph_db/graph_db_node_16/10_p0.7/10_graph_n16_p0.7_idx4.gpickle,16,0.7,4,5,32
./random_graph_db/graph_db_node_16/10_p0.7/10_graph_n16_p0.7_idx5.gpickle,16,0.7,5,5,32
./random_graph_db/graph_db_node_16/10_p0.7/10_graph_n16_p0.7_idx6.gpickle,16,0.7,6,4,25
./random_graph_db/graph_db_node_16/10_p0.7/10_graph_n16_p0.7_idx7.gpickle,16,0.7,7,5,37
./random_graph_db/graph_db_node_16/10_p0.7/10_graph_n16_p0.7_idx8.gpickle,16,0.7,8,5,37
./random_graph_db/graph_db_node_16/10_p0.7/10_graph_n16_p0.7_idx9.gpickle,16,0.7,9,5,32
./random_graph_db/graph_db_node_16/11_p0.8/11_graph_n16_p0.8_idx1.gpickle,16,0.8,1,3,12
./random_graph_db/graph_db_node_16/11_p0.8/11_graph_n16_p0.8_idx10.gpickle,16,0.8,10,4,19
./random_graph_db/graph_db_node_16/11_p0.8/11_graph_n16_p0.8_idx2.gpickle,16,0.8,2,3,13
./random_graph_db/graph_db_node_16/11_p0.8/11_graph_n16_p0.8_idx3.gpickle,16,0.8,3,4,21
./random_graph_db/graph_db_node_16/11_p0.8/11_graph_n16_p0.8_idx4.gpickle,16,0.8,4,5,24
./random_graph_db/graph_db_node_16/11_p0.8/11_graph_n16_p0.8_idx5.gpickle,16,0.8,5,3,14
./random_graph_db/graph_db_node_16/11_p0.8/11_graph_n16_p0.8_idx6.gpickle,16,0.8,6,4,15
./random_graph_db/graph_db_node_16/11_p0.8/11_graph_n16_p0.8_idx7.gpickle,16,0.8,7,4,20
./random_graph_db/graph_db_node_16/11_p0.8/11_graph_n16_p0.8_idx8.gpickle,16,0.8,8,4,22
./random_graph_db/graph_db_node_16/11_p0.8/11_graph_n16_p0.8_idx9.gpickle,16,0.8,9,4,15
./random_graph_db/graph_db_node_16/12_p0.9/12_graph_n16_p0.9_idx1.gpickle,16,0.9,1,3,8
./random_graph_db/graph_db_node_16/12_p0.9/12_graph_n16_p0.9_idx10.gpickle,16,0.9,10,3,9
./random_graph_db/graph_db_node_16/12_p0.9/12_graph_n16_p0.9_idx2.gpickle,16,0.9,2,2,6
./random_graph_db/graph_db_node_16/12_p0.9/12_graph_n16_p0.9_idx3.gpickle,16,0.9,3,3,11
./random_graph_db/graph_db_node_16/12_p0.9/12_graph_n16_p0.9_idx4.gpickle,16,0.9,4,3,13
./random_graph_db/graph_db_node_16/12_p0.9/12_graph_n16_p0.9_idx5.gpickle,16,0.9,5,2,8
./random_graph_db/graph_db_node_16/12_p0.9/12_graph_n16_p0.9_idx6.gpickle,16,0.9,6,2,5
./random_graph_db/graph_db_node_16/12_p0.9/12_graph_n16_p0.9_idx7.gpickle,16,0.9,7,2,6
./random_graph_db/graph_db_node_16/12_p0.9/12_graph_n16_p0.9_idx8.gpickle,16,0.9,8,3,18
./random_graph_db/graph_db_node_16/12_p0.9/12_graph_n16_p0.9_idx9.gpickle,16,0.9,9,3,10
./random_graph_db/graph_db_node_17/01_p0.1/01_graph_n17_p0.1_idx1.gpickle,17,0.1,1,2,3
./random_graph_db/graph_db_node_17/01_p0.1/01_graph_n17_p0.1_idx10.gpickle,17,0.1,10,3,9
./random_graph_db/graph_db_node_17/01_p0.1/01_graph_n17_p0.1_idx2.gpickle,17,0.1,2,2,2
./random_graph_db/graph_db_node_17/01_p0.1/01_graph_n17_p0.1_idx3.gpickle,17,0.1,3,2,5
./random_graph_db/graph_db_node_17/01_p0.1/01_graph_n17_p0.1_idx4.gpickle,17,0.1,4,2,3
./random_graph_db/graph_db_node_17/01_p0.1/01_graph_n17_p0.1_idx5.gpickle,17,0.1,5,3,10
./random_graph_db/graph_db_node_17/01_p0.1/01_graph_n17_p0.1_idx6.gpickle,17,0.1,6,2,3
./random_graph_db/graph_db_node_17/01_p0.1/01_graph_n17_p0.1_idx7.gpickle,17,0.1,7,2,2
./random_graph_db/graph_db_node_17/01_p0.1/01_graph_n17_p0.1_idx8.gpickle,17,0.1,8,3,6
./random_graph_db/graph_db_node_17/01_p0.1/01_graph_n17_p0.1_idx9.gpickle,17,0.1,9,2,4
./random_graph_db/graph_db_node_17/02_p0.2/02_graph_n17_p0.2_idx1.gpickle,17,0.2,1,4,16
./random_graph_db/graph_db_node_17/02_p0.2/02_graph_n17_p0.2_idx10.gpickle,17,0.2,10,3,11
./random_graph_db/graph_db_node_17/02_p0.2/02_graph_n17_p0.2_idx2.gpickle,17,0.2,2,4,20
./random_graph_db/graph_db_node_17/02_p0.2/02_graph_n17_p0.2_idx3.gpickle,17,0.2,3,4,18
./random_graph_db/graph_db_node_17/02_p0.2/02_graph_n17_p0.2_idx4.gpickle,17,0.2,4,3,9
./random_graph_db/graph_db_node_17/02_p0.2/02_graph_n17_p0.2_idx5.gpickle,17,0.2,5,4,19
./random_graph_db/graph_db_node_17/02_p0.2/02_graph_n17_p0.2_idx6.gpickle,17,0.2,6,4,14
./random_graph_db/graph_db_node_17/02_p0.2/02_graph_n17_p0.2_idx7.gpickle,17,0.2,7,3,9
./random_graph_db/graph_db_node_17/02_p0.2/02_graph_n17_p0.2_idx8.gpickle,17,0.2,8,3,10
./random_graph_db/graph_db_node_17/02_p0.2/02_graph_n17_p0.2_idx9.gpickle,17,0.2,9,5,27
./random_graph_db/graph_db_node_17/03_p0.3/03_graph_n17_p0.3_idx1.gpickle,17,0.3,1,4,19
./random_graph_db/graph_db_node_17/03_p0.3/03_graph_n17_p0.3_idx10.gpickle,17,0.3,10,5,30
./random_graph_db/graph_db_node_17/03_p0.3/03_graph_n17_p0.3_idx2.gpickle,17,0.3,2,5,27
./random_graph_db/graph_db_node_17/03_p0.3/03_graph_n17_p0.3_idx3.gpickle,17,0.3,3,4,20
./random_graph_db/graph_db_node_17/03_p0.3/03_graph_n17_p0.3_idx4.gpickle,17,0.3,4,4,25
./random_graph_db/graph_db_node_17/03_p0.3/03_graph_n17_p0.3_idx5.gpickle,17,0.3,5,5,28
./random_graph_db/graph_db_node_17/03_p0.3/03_graph_n17_p0.3_idx6.gpickle,17,0.3,6,5,26
./random_graph_db/graph_db_node_17/03_p0.3/03_graph_n17_p0.3_idx7.gpickle,17,0.3,7,5,28
./random_graph_db/graph_db_node_17/03_p0.3/03_graph_n17_p0.3_idx8.gpickle,17,0.3,8,5,33
./random_graph_db/graph_db_node_17/03_p0.3/03_graph_n17_p0.3_idx9.gpickle,17,0.3,9,5,29
./random_graph_db/graph_db_node_17/04_p0.4/04_graph_n17_p0.4_idx1.gpickle,17,0.4,1,5,34
./random_graph_db/graph_db_node_17/04_p0.4/04_graph_n17_p0.4_idx10.gpickle,17,0.4,10,5,35
./random_graph_db/graph_db_node_17/04_p0.4/04_graph_n17_p0.4_idx2.gpickle,17,0.4,2,5,40
./random_graph_db/graph_db_node_17/04_p0.4/04_graph_n17_p0.4_idx3.gpickle,17,0.4,3,5,30
./random_graph_db/graph_db_node_17/04_p0.4/04_graph_n17_p0.4_idx4.gpickle,17,0.4,4,5,34
./random_graph_db/graph_db_node_17/04_p0.4/04_graph_n17_p0.4_idx5.gpickle,17,0.4,5,5,32
./random_graph_db/graph_db_node_17/04_p0.4/04_graph_n17_p0.4_idx6.gpickle,17,0.4,6,5,38
./random_graph_db/graph_db_node_17/04_p0.4/04_graph_n17_p0.4_idx7.gpickle,17,0.4,7,5,37
./random_graph_db/graph_db_node_17/04_p0.4/04_graph_n17_p0.4_idx8.gpickle,17,0.4,8,5,32
./random_graph_db/graph_db_node_17/04_p0.4/04_graph_n17_p0.4_idx9.gpickle,17,0.4,9,5,29
./random_graph_db/graph_db_node_17/05_p0.45/05_graph_n17_p0.45_idx1.gpickle,17,0.45,1,5,27
./random_graph_db/graph_db_node_17/05_p0.45/05_graph_n17_p0.45_idx10.gpickle,17,0.45,10,6,42
./random_graph_db/graph_db_node_17/05_p0.45/05_graph_n17_p0.45_idx2.gpickle,17,0.45,2,5,32
./random_graph_db/graph_db_node_17/05_p0.45/05_graph_n17_p0.45_idx3.gpickle,17,0.45,3,5,30
./random_graph_db/graph_db_node_17/05_p0.45/05_graph_n17_p0.45_idx4.gpickle,17,0.45,4,5,33
./random_graph_db/graph_db_node_17/05_p0.45/05_graph_n17_p0.45_idx5.gpickle,17,0.45,5,5,38
./random_graph_db/graph_db_node_17/05_p0.45/05_graph_n17_p0.45_idx6.gpickle,17,0.45,6,6,43
./random_graph_db/graph_db_node_17/05_p0.45/05_graph_n17_p0.45_idx7.gpickle,17,0.45,7,5,28
./random_graph_db/graph_db_node_17/05_p0.45/05_graph_n17_p0.45_idx8.gpickle,17,0.45,8,5,31
./random_graph_db/graph_db_node_17/05_p0.45/05_graph_n17_p0.45_idx9.gpickle,17,0.45,9,6,38
./random_graph_db/graph_db_node_17/06_p0.5/06_graph_n17_p0.5_idx1.gpickle,17,0.5,1,5,32
./random_graph_db/graph_db_node_17/06_p0.5/06_graph_n17_p0.5_idx10.gpickle,17,0.5,10,5,32
./random_graph_db/graph_db_node_17/06_p0.5/06_graph_n17_p0.5_idx2.gpickle,17,0.5,2,5,36
./random_graph_db/graph_db_node_17/06_p0.5/06_graph_n17_p0.5_idx3.gpickle,17,0.5,3,5,39
./random_graph_db/graph_db_node_17/06_p0.5/06_graph_n17_p0.5_idx4.gpickle,17,0.5,4,5,35
./random_graph_db/graph_db_node_17/06_p0.5/06_graph_n17_p0.5_idx5.gpickle,17,0.5,5,6,45
./random_graph_db/graph_db_node_17/06_p0.5/06_graph_n17_p0.5_idx6.gpickle,17,0.5,6,5,31
./random_graph_db/graph_db_node_17/06_p0.5/06_graph_n17_p0.5_idx7.gpickle,17,0.5,7,6,38
./random_graph_db/graph_db_node_17/06_p0.5/06_graph_n17_p0.5_idx8.gpickle,17,0.5,8,6,41
./random_graph_db/graph_db_node_17/06_p0.5/06_graph_n17_p0.5_idx9.gpickle,17,0.5,9,6,39
./random_graph_db/graph_db_node_17/07_p0.55/07_graph_n17_p0.55_idx1.gpickle,17,0.55,1,6,43
./random_graph_db/graph_db_node_17/07_p0.55/07_graph_n17_p0.55_idx10.gpickle,17,0.55,10,5,41
./random_graph_db/graph_db_node_17/07_p0.55/07_graph_n17_p0.55_idx2.gpickle,17,0.55,2,5,36
./random_graph_db/graph_db_node_17/07_p0.55/07_graph_n17_p0.55_idx3.gpickle,17,0.55,3,6,43
./random_graph_db/graph_db_node_17/07_p0.55/07_graph_n17_p0.55_idx4.gpickle,17,0.55,4,5,38
./random_graph_db/graph_db_node_17/07_p0.55/07_graph_n17_p0.55_idx5.gpickle,17,0.55,5,6,41
./random_graph_db/graph_db_node_17/07_p0.55/07_graph_n17_p0.55_idx6.gpickle,17,0.55,6,5,36
./random_graph_db/graph_db_node_17/07_p0.55/07_graph_n17_p0.55_idx7.gpickle,17,0.55,7,5,38
./random_graph_db/graph_db_node_17/07_p0.55/07_graph_n17_p0.55_idx8.gpickle,17,0.55,8,6,45
./random_graph_db/graph_db_node_17/07_p0.55/07_graph_n17_p0.55_idx9.gpickle,17,0.55,9,5,34
./random_graph_db/graph_db_node_17/08_p0.6/08_graph_n17_p0.6_idx1.gpickle,17,0.6,1,5,39
./random_graph_db/graph_db_node_17/08_p0.6/08_graph_n17_p0.6_idx10.gpickle,17,0.6,10,5,33
./random_graph_db/graph_db_node_17/08_p0.6/08_graph_n17_p0.6_idx2.gpickle,17,0.6,2,6,41
./random_graph_db/graph_db_node_17/08_p0.6/08_graph_n17_p0.6_idx3.gpickle,17,0.6,3,5,33
./random_graph_db/graph_db_node_17/08_p0.6/08_graph_n17_p0.6_idx4.gpickle,17,0.6,4,5,34
./random_graph_db/graph_db_node_17/08_p0.6/08_graph_n17_p0.6_idx5.gpickle,17,0.6,5,5,35
./random_graph_db/graph_db_node_17/08_p0.6/08_graph_n17_p0.6_idx6.gpickle,17,0.6,6,5,34
./random_graph_db/graph_db_node_17/08_p0.6/08_graph_n17_p0.6_idx7.gpickle,17,0.6,7,5,43
./random_graph_db/graph_db_node_17/08_p0.6/08_graph_n17_p0.6_idx8.gpickle,17,0.6,8,5,39
./random_graph_db/graph_db_node_17/08_p0.6/08_graph_n17_p0.6_idx9.gpickle,17,0.6,9,5,34
./random_graph_db/graph_db_node_17/09_p0.65/09_graph_n17_p0.65_idx1.gpickle,17,0.65,1,5,34
./random_graph_db/graph_db_node_17/09_p0.65/09_graph_n17_p0.65_idx10.gpickle,17,0.65,10,6,50
./random_graph_db/graph_db_node_17/09_p0.65/09_graph_n17_p0.65_idx2.gpickle,17,0.65,2,5,39
./random_graph_db/graph_db_node_17/09_p0.65/09_graph_n17_p0.65_idx3.gpickle,17,0.65,3,5,33
./random_graph_db/graph_db_node_17/09_p0.65/09_graph_n17_p0.65_idx4.gpickle,17,0.65,4,6,49
./random_graph_db/graph_db_node_17/09_p0.65/09_graph_n17_p0.65_idx5.gpickle,17,0.65,5,5,31
./random_graph_db/graph_db_node_17/09_p0.65/09_graph_n17_p0.65_idx6.gpickle,17,0.65,6,5,30
./random_graph_db/graph_db_node_17/09_p0.65/09_graph_n17_p0.65_idx7.gpickle,17,0.65,7,5,40
./random_graph_db/graph_db_node_17/09_p0.65/09_graph_n17_p0.65_idx8.gpickle,17,0.65,8,5,38
./random_graph_db/graph_db_node_17/09_p0.65/09_graph_n17_p0.65_idx9.gpickle,17,0.65,9,5,32
./random_graph_db/graph_db_node_17/10_p0.7/10_graph_n17_p0.7_idx1.gpickle,17,0.7,1,4,22
./random_graph_db/graph_db_node_17/10_p0.7/10_graph_n17_p0.7_idx10.gpickle,17,0.7,10,5,30
./random_graph_db/graph_db_node_17/10_p0.7/10_graph_n17_p0.7_idx2.gpickle,17,0.7,2,5,36
./random_graph_db/graph_db_node_17/10_p0.7/10_graph_n17_p0.7_idx3.gpickle,17,0.7,3,5,39
./random_graph_db/graph_db_node_17/10_p0.7/10_graph_n17_p0.7_idx4.gpickle,17,0.7,4,5,33
